model	objective	gene	status	value
iDK1463.xml	obj	G_ECOLIN_RS00010	optimal	0.880331
iDK1463.xml	obj	G_ECOLIN_RS00015	optimal	0.0
iDK1463.xml	obj	G_ECOLIN_RS00020	optimal	0.0
iDK1463.xml	obj	G_ECOLIN_RS00040	optimal	0.880331
iDK1463.xml	obj	G_ECOLIN_RS00045	optimal	0.880331
iDK1463.xml	obj	G_ECOLIN_RS00050	optimal	0.880331
iDK1463.xml	obj	G_ECOLIN_RS00060	optimal	0.86453
iDK1463.xml	obj	G_ECOLIN_RS00105	optimal	0.880331
iDK1463.xml	obj	G_ECOLIN_RS00125	optimal	0.0
iDK1463.xml	obj	G_ECOLIN_RS00130	optimal	0.880331
iDK1463.xml	obj	G_ECOLIN_RS00145	optimal	0.0
iDK1463.xml	obj	G_ECOLIN_RS00150	optimal	0.880331
iDK1463.xml	obj	G_ECOLIN_RS00160	optimal	0.0
iDK1463.xml	obj	G_ECOLIN_RS00175	optimal	0.880331
iDK1463.xml	obj	G_ECOLIN_RS00180	optimal	0.880331
iDK1463.xml	obj	G_ECOLIN_RS00200	optimal	0.880331
iDK1463.xml	obj	G_ECOLIN_RS00205	optimal	0.880331
iDK1463.xml	obj	G_ECOLIN_RS00210	optimal	0.880331
iDK1463.xml	obj	G_ECOLIN_RS00220	optimal	0.880331
iDK1463.xml	obj	G_ECOLIN_RS00250	optimal	0.880331
iDK1463.xml	obj	G_ECOLIN_RS00255	optimal	0.880331
iDK1463.xml	obj	G_ECOLIN_RS00260	optimal	0.880331
iDK1463.xml	obj	G_ECOLIN_RS00275	optimal	0.880331
iDK1463.xml	obj	G_ECOLIN_RS00290	optimal	0.0
iDK1463.xml	obj	G_ECOLIN_RS00300	optimal	0.0
iDK1463.xml	obj	G_ECOLIN_RS00325	optimal	0.880331
iDK1463.xml	obj	G_ECOLIN_RS00330	optimal	0.880331
iDK1463.xml	obj	G_ECOLIN_RS00335	optimal	0.880331
iDK1463.xml	obj	G_ECOLIN_RS00360	optimal	0.880331
iDK1463.xml	obj	G_ECOLIN_RS00365	optimal	0.880331
iDK1463.xml	obj	G_ECOLIN_RS00370	optimal	0.880331
iDK1463.xml	obj	G_ECOLIN_RS00385	optimal	0.0
iDK1463.xml	obj	G_ECOLIN_RS00390	optimal	0.0
iDK1463.xml	obj	G_ECOLIN_RS00395	optimal	0.0
iDK1463.xml	obj	G_ECOLIN_RS00400	optimal	0.0
iDK1463.xml	obj	G_ECOLIN_RS00415	optimal	0.880331
iDK1463.xml	obj	G_ECOLIN_RS00420	optimal	0.880331
iDK1463.xml	obj	G_ECOLIN_RS00450	optimal	0.0
iDK1463.xml	obj	G_ECOLIN_RS00455	optimal	0.0
iDK1463.xml	obj	G_ECOLIN_RS00460	optimal	0.0
iDK1463.xml	obj	G_ECOLIN_RS00465	optimal	0.0
iDK1463.xml	obj	G_ECOLIN_RS00470	optimal	0.0
iDK1463.xml	obj	G_ECOLIN_RS00475	optimal	0.0
iDK1463.xml	obj	G_ECOLIN_RS00480	optimal	0.0
iDK1463.xml	obj	G_ECOLIN_RS00485	optimal	0.0
iDK1463.xml	obj	G_ECOLIN_RS00490	optimal	0.880331
iDK1463.xml	obj	G_ECOLIN_RS00510	optimal	0.0
iDK1463.xml	obj	G_ECOLIN_RS00525	optimal	0.880331
iDK1463.xml	obj	G_ECOLIN_RS00555	optimal	0.0
iDK1463.xml	obj	G_ECOLIN_RS00560	optimal	0.880331
iDK1463.xml	obj	G_ECOLIN_RS00585	optimal	0.0
iDK1463.xml	obj	G_ECOLIN_RS00590	optimal	0.880331
iDK1463.xml	obj	G_ECOLIN_RS00600	optimal	0.880331
iDK1463.xml	obj	G_ECOLIN_RS00640	optimal	0.845257
iDK1463.xml	obj	G_ECOLIN_RS00645	optimal	0.845257
iDK1463.xml	obj	G_ECOLIN_RS00650	optimal	0.845153
iDK1463.xml	obj	G_ECOLIN_RS00660	optimal	0.880331
iDK1463.xml	obj	G_ECOLIN_RS00670	optimal	0.880331
iDK1463.xml	obj	G_ECOLIN_RS00675	optimal	0.880331
iDK1463.xml	obj	G_ECOLIN_RS00685	optimal	0.880331
iDK1463.xml	obj	G_ECOLIN_RS00690	optimal	0.880331
iDK1463.xml	obj	G_ECOLIN_RS00695	optimal	0.880331
iDK1463.xml	obj	G_ECOLIN_RS00700	optimal	0.0
iDK1463.xml	obj	G_ECOLIN_RS00725	optimal	0.0
iDK1463.xml	obj	G_ECOLIN_RS00740	optimal	-0.0
iDK1463.xml	obj	G_ECOLIN_RS00745	optimal	0.0
iDK1463.xml	obj	G_ECOLIN_RS00785	optimal	0.0
iDK1463.xml	obj	G_ECOLIN_RS00835	optimal	0.880331
iDK1463.xml	obj	G_ECOLIN_RS00840	optimal	0.880331
iDK1463.xml	obj	G_ECOLIN_RS00845	optimal	0.880331
iDK1463.xml	obj	G_ECOLIN_RS00850	optimal	0.880331
iDK1463.xml	obj	G_ECOLIN_RS00855	optimal	0.880331
iDK1463.xml	obj	G_ECOLIN_RS00860	optimal	0.0
iDK1463.xml	obj	G_ECOLIN_RS00865	optimal	0.880325
iDK1463.xml	obj	G_ECOLIN_RS00880	optimal	0.880331
iDK1463.xml	obj	G_ECOLIN_RS00885	optimal	0.0
iDK1463.xml	obj	G_ECOLIN_RS00890	optimal	0.880331
iDK1463.xml	obj	G_ECOLIN_RS00910	optimal	0.0
iDK1463.xml	obj	G_ECOLIN_RS00935	optimal	0.879911
iDK1463.xml	obj	G_ECOLIN_RS00950	optimal	0.0
iDK1463.xml	obj	G_ECOLIN_RS00955	optimal	0.0
iDK1463.xml	obj	G_ECOLIN_RS00975	optimal	0.0
iDK1463.xml	obj	G_ECOLIN_RS00980	optimal	0.0
iDK1463.xml	obj	G_ECOLIN_RS00985	optimal	0.0
iDK1463.xml	obj	G_ECOLIN_RS00990	optimal	0.0
iDK1463.xml	obj	G_ECOLIN_RS01005	optimal	0.0
iDK1463.xml	obj	G_ECOLIN_RS01010	optimal	0.880331
iDK1463.xml	obj	G_ECOLIN_RS01070	optimal	0.880331
iDK1463.xml	obj	G_ECOLIN_RS01085	optimal	0.880331
iDK1463.xml	obj	G_ECOLIN_RS01090	optimal	0.880331
iDK1463.xml	obj	G_ECOLIN_RS01095	optimal	0.880331
iDK1463.xml	obj	G_ECOLIN_RS01135	optimal	0.880331
iDK1463.xml	obj	G_ECOLIN_RS01155	optimal	0.880331
iDK1463.xml	obj	G_ECOLIN_RS01160	optimal	0.880331
iDK1463.xml	obj	G_ECOLIN_RS01525	optimal	0.880331
iDK1463.xml	obj	G_ECOLIN_RS01580	optimal	0.880331
iDK1463.xml	obj	G_ECOLIN_RS01585	optimal	0.880331
iDK1463.xml	obj	G_ECOLIN_RS01735	optimal	0.880331
iDK1463.xml	obj	G_ECOLIN_RS01745	optimal	0.862991
iDK1463.xml	obj	G_ECOLIN_RS01750	optimal	0.880331
iDK1463.xml	obj	G_ECOLIN_RS01800	optimal	0.880331
iDK1463.xml	obj	G_ECOLIN_RS01805	optimal	0.880331
iDK1463.xml	obj	G_ECOLIN_RS01820	optimal	0.880331
iDK1463.xml	obj	G_ECOLIN_RS01825	optimal	0.878563
iDK1463.xml	obj	G_ECOLIN_RS01830	optimal	0.878563
iDK1463.xml	obj	G_ECOLIN_RS02000	optimal	0.880331
iDK1463.xml	obj	G_ECOLIN_RS02005	optimal	0.880331
iDK1463.xml	obj	G_ECOLIN_RS02010	optimal	0.880331
iDK1463.xml	obj	G_ECOLIN_RS02050	optimal	0.880331
iDK1463.xml	obj	G_ECOLIN_RS02055	optimal	0.880331
iDK1463.xml	obj	G_ECOLIN_RS02065	optimal	0.880331
iDK1463.xml	obj	G_ECOLIN_RS02075	optimal	0.880331
iDK1463.xml	obj	G_ECOLIN_RS02125	optimal	0.880331
iDK1463.xml	obj	G_ECOLIN_RS02150	optimal	0.880331
iDK1463.xml	obj	G_ECOLIN_RS02155	optimal	0.880331
iDK1463.xml	obj	G_ECOLIN_RS02160	optimal	0.880331
iDK1463.xml	obj	G_ECOLIN_RS02165	optimal	0.880331
iDK1463.xml	obj	G_ECOLIN_RS02170	optimal	0.880331
iDK1463.xml	obj	G_ECOLIN_RS02175	optimal	0.880331
iDK1463.xml	obj	G_ECOLIN_RS02185	optimal	0.880331
iDK1463.xml	obj	G_ECOLIN_RS02190	optimal	0.880331
iDK1463.xml	obj	G_ECOLIN_RS02205	optimal	0.880331
iDK1463.xml	obj	G_ECOLIN_RS02210	optimal	0.880331
iDK1463.xml	obj	G_ECOLIN_RS02255	optimal	0.880331
iDK1463.xml	obj	G_ECOLIN_RS02260	optimal	0.880331
iDK1463.xml	obj	G_ECOLIN_RS02265	optimal	0.880331
iDK1463.xml	obj	G_ECOLIN_RS02270	optimal	0.880331
iDK1463.xml	obj	G_ECOLIN_RS02275	optimal	0.0
iDK1463.xml	obj	G_ECOLIN_RS02290	optimal	0.880331
iDK1463.xml	obj	G_ECOLIN_RS02320	optimal	0.880331
iDK1463.xml	obj	G_ECOLIN_RS02330	optimal	0.880331
iDK1463.xml	obj	G_ECOLIN_RS02345	optimal	0.0
iDK1463.xml	obj	G_ECOLIN_RS02355	optimal	0.880331
iDK1463.xml	obj	G_ECOLIN_RS02375	optimal	0.880331
iDK1463.xml	obj	G_ECOLIN_RS02390	optimal	0.880331
iDK1463.xml	obj	G_ECOLIN_RS02420	optimal	0.880331
iDK1463.xml	obj	G_ECOLIN_RS02425	optimal	0.880331
iDK1463.xml	obj	G_ECOLIN_RS02430	optimal	0.880331
iDK1463.xml	obj	G_ECOLIN_RS02435	optimal	0.880331
iDK1463.xml	obj	G_ECOLIN_RS02490	optimal	0.880331
iDK1463.xml	obj	G_ECOLIN_RS02505	optimal	0.0
iDK1463.xml	obj	G_ECOLIN_RS02510	optimal	0.0
iDK1463.xml	obj	G_ECOLIN_RS02520	optimal	0.0
iDK1463.xml	obj	G_ECOLIN_RS02525	optimal	0.880331
iDK1463.xml	obj	G_ECOLIN_RS02535	optimal	0.0
iDK1463.xml	obj	G_ECOLIN_RS02540	optimal	0.0
iDK1463.xml	obj	G_ECOLIN_RS02550	optimal	0.0
iDK1463.xml	obj	G_ECOLIN_RS02560	optimal	0.880331
iDK1463.xml	obj	G_ECOLIN_RS02575	optimal	0.880331
iDK1463.xml	obj	G_ECOLIN_RS02580	optimal	0.711979
iDK1463.xml	obj	G_ECOLIN_RS02585	optimal	0.711979
iDK1463.xml	obj	G_ECOLIN_RS02590	optimal	0.711979
iDK1463.xml	obj	G_ECOLIN_RS02595	optimal	0.711979
iDK1463.xml	obj	G_ECOLIN_RS02600	optimal	0.880331
iDK1463.xml	obj	G_ECOLIN_RS02660	optimal	0.880331
iDK1463.xml	obj	G_ECOLIN_RS02670	optimal	0.880331
iDK1463.xml	obj	G_ECOLIN_RS02700	optimal	0.880331
iDK1463.xml	obj	G_ECOLIN_RS02705	optimal	0.862991
iDK1463.xml	obj	G_ECOLIN_RS02735	optimal	0.880331
iDK1463.xml	obj	G_ECOLIN_RS02750	optimal	0.880331
iDK1463.xml	obj	G_ECOLIN_RS02755	optimal	0.880331
iDK1463.xml	obj	G_ECOLIN_RS02765	optimal	0.880331
iDK1463.xml	obj	G_ECOLIN_RS02790	optimal	0.880331
iDK1463.xml	obj	G_ECOLIN_RS02815	optimal	0.880325
iDK1463.xml	obj	G_ECOLIN_RS02820	optimal	0.880331
iDK1463.xml	obj	G_ECOLIN_RS02830	optimal	0.880331
iDK1463.xml	obj	G_ECOLIN_RS02845	optimal	0.880331
iDK1463.xml	obj	G_ECOLIN_RS02865	optimal	0.880331
iDK1463.xml	obj	G_ECOLIN_RS02870	optimal	0.880331
iDK1463.xml	obj	G_ECOLIN_RS02915	optimal	0.880331
iDK1463.xml	obj	G_ECOLIN_RS02920	optimal	0.880331
iDK1463.xml	obj	G_ECOLIN_RS02945	optimal	0.880331
iDK1463.xml	obj	G_ECOLIN_RS02955	optimal	0.880331
iDK1463.xml	obj	G_ECOLIN_RS02960	optimal	0.880331
iDK1463.xml	obj	G_ECOLIN_RS02965	optimal	0.880331
iDK1463.xml	obj	G_ECOLIN_RS02970	optimal	0.880331
iDK1463.xml	obj	G_ECOLIN_RS02975	optimal	0.880331
iDK1463.xml	obj	G_ECOLIN_RS02985	optimal	0.880331
iDK1463.xml	obj	G_ECOLIN_RS02990	optimal	0.880331
iDK1463.xml	obj	G_ECOLIN_RS02995	optimal	0.880331
iDK1463.xml	obj	G_ECOLIN_RS03000	optimal	0.880331
iDK1463.xml	obj	G_ECOLIN_RS03020	optimal	0.870403
iDK1463.xml	obj	G_ECOLIN_RS03025	optimal	-0.0
iDK1463.xml	obj	G_ECOLIN_RS03030	optimal	0.0
iDK1463.xml	obj	G_ECOLIN_RS03040	optimal	0.0
iDK1463.xml	obj	G_ECOLIN_RS03050	optimal	0.880331
iDK1463.xml	obj	G_ECOLIN_RS03065	optimal	0.862748
iDK1463.xml	obj	G_ECOLIN_RS03130	optimal	0.880331
iDK1463.xml	obj	G_ECOLIN_RS03135	optimal	0.880331
iDK1463.xml	obj	G_ECOLIN_RS03140	optimal	0.880331
iDK1463.xml	obj	G_ECOLIN_RS03145	optimal	0.880331
iDK1463.xml	obj	G_ECOLIN_RS03150	optimal	0.880331
iDK1463.xml	obj	G_ECOLIN_RS03155	optimal	0.880331
iDK1463.xml	obj	G_ECOLIN_RS03160	optimal	0.880331
iDK1463.xml	obj	G_ECOLIN_RS03195	optimal	0.880331
iDK1463.xml	obj	G_ECOLIN_RS03205	optimal	0.880331
iDK1463.xml	obj	G_ECOLIN_RS03210	optimal	0.880331
iDK1463.xml	obj	G_ECOLIN_RS03220	optimal	0.880331
iDK1463.xml	obj	G_ECOLIN_RS03230	optimal	0.880331
iDK1463.xml	obj	G_ECOLIN_RS03235	optimal	0.880331
iDK1463.xml	obj	G_ECOLIN_RS03240	optimal	0.880331
iDK1463.xml	obj	G_ECOLIN_RS03245	optimal	0.880331
iDK1463.xml	obj	G_ECOLIN_RS03250	optimal	0.880331
iDK1463.xml	obj	G_ECOLIN_RS03255	optimal	0.880331
iDK1463.xml	obj	G_ECOLIN_RS03260	optimal	0.880331
iDK1463.xml	obj	G_ECOLIN_RS03265	optimal	0.880331
iDK1463.xml	obj	G_ECOLIN_RS03270	optimal	0.880331
iDK1463.xml	obj	G_ECOLIN_RS03275	optimal	0.880331
iDK1463.xml	obj	G_ECOLIN_RS03315	optimal	0.880331
iDK1463.xml	obj	G_ECOLIN_RS03320	optimal	0.880331
iDK1463.xml	obj	G_ECOLIN_RS03325	optimal	0.880331
iDK1463.xml	obj	G_ECOLIN_RS03350	optimal	0.880331
iDK1463.xml	obj	G_ECOLIN_RS03355	optimal	0.880331
iDK1463.xml	obj	G_ECOLIN_RS03360	optimal	0.880331
iDK1463.xml	obj	G_ECOLIN_RS03365	optimal	0.880331
iDK1463.xml	obj	G_ECOLIN_RS03370	optimal	0.880331
iDK1463.xml	obj	G_ECOLIN_RS03390	optimal	0.880331
iDK1463.xml	obj	G_ECOLIN_RS03395	optimal	0.880331
iDK1463.xml	obj	G_ECOLIN_RS03405	optimal	0.880331
iDK1463.xml	obj	G_ECOLIN_RS03420	optimal	0.880331
iDK1463.xml	obj	G_ECOLIN_RS03435	optimal	0.880331
iDK1463.xml	obj	G_ECOLIN_RS03445	optimal	0.880331
iDK1463.xml	obj	G_ECOLIN_RS03460	optimal	0.0
iDK1463.xml	obj	G_ECOLIN_RS03475	optimal	0.880331
iDK1463.xml	obj	G_ECOLIN_RS03480	optimal	-0.0
iDK1463.xml	obj	G_ECOLIN_RS03490	optimal	0.0
iDK1463.xml	obj	G_ECOLIN_RS03495	optimal	0.880331
iDK1463.xml	obj	G_ECOLIN_RS03505	optimal	0.880331
iDK1463.xml	obj	G_ECOLIN_RS03510	optimal	0.880331
iDK1463.xml	obj	G_ECOLIN_RS03515	optimal	0.880331
iDK1463.xml	obj	G_ECOLIN_RS03520	optimal	0.880331
iDK1463.xml	obj	G_ECOLIN_RS03525	optimal	0.880331
iDK1463.xml	obj	G_ECOLIN_RS03535	optimal	0.880331
iDK1463.xml	obj	G_ECOLIN_RS03560	optimal	0.880331
iDK1463.xml	obj	G_ECOLIN_RS03600	optimal	0.880331
iDK1463.xml	obj	G_ECOLIN_RS03605	optimal	0.880331
iDK1463.xml	obj	G_ECOLIN_RS03615	optimal	0.880331
iDK1463.xml	obj	G_ECOLIN_RS03620	optimal	0.880331
iDK1463.xml	obj	G_ECOLIN_RS03625	optimal	0.880331
iDK1463.xml	obj	G_ECOLIN_RS03675	optimal	0.880331
iDK1463.xml	obj	G_ECOLIN_RS03685	optimal	0.880331
iDK1463.xml	obj	G_ECOLIN_RS03710	optimal	0.880331
iDK1463.xml	obj	G_ECOLIN_RS03730	optimal	0.880331
iDK1463.xml	obj	G_ECOLIN_RS03735	optimal	0.880331
iDK1463.xml	obj	G_ECOLIN_RS03740	optimal	0.880331
iDK1463.xml	obj	G_ECOLIN_RS03770	optimal	0.880331
iDK1463.xml	obj	G_ECOLIN_RS03775	optimal	0.880331
iDK1463.xml	obj	G_ECOLIN_RS03795	optimal	0.880331
iDK1463.xml	obj	G_ECOLIN_RS03805	optimal	0.880331
iDK1463.xml	obj	G_ECOLIN_RS03810	optimal	0.880331
iDK1463.xml	obj	G_ECOLIN_RS03815	optimal	0.880331
iDK1463.xml	obj	G_ECOLIN_RS03835	optimal	0.0
iDK1463.xml	obj	G_ECOLIN_RS03845	optimal	0.836702
iDK1463.xml	obj	G_ECOLIN_RS03850	optimal	0.836702
iDK1463.xml	obj	G_ECOLIN_RS03855	optimal	0.836702
iDK1463.xml	obj	G_ECOLIN_RS03860	optimal	0.836702
iDK1463.xml	obj	G_ECOLIN_RS03870	optimal	0.880331
iDK1463.xml	obj	G_ECOLIN_RS03875	optimal	0.880331
iDK1463.xml	obj	G_ECOLIN_RS03880	optimal	0.880331
iDK1463.xml	obj	G_ECOLIN_RS03885	optimal	0.880331
iDK1463.xml	obj	G_ECOLIN_RS03900	optimal	0.880331
iDK1463.xml	obj	G_ECOLIN_RS03905	optimal	0.880331
iDK1463.xml	obj	G_ECOLIN_RS03910	optimal	0.880331
iDK1463.xml	obj	G_ECOLIN_RS03990	optimal	-0.0
iDK1463.xml	obj	G_ECOLIN_RS03995	optimal	0.880331
iDK1463.xml	obj	G_ECOLIN_RS04015	optimal	0.880331
iDK1463.xml	obj	G_ECOLIN_RS04020	optimal	0.880331
iDK1463.xml	obj	G_ECOLIN_RS04025	optimal	0.880331
iDK1463.xml	obj	G_ECOLIN_RS04030	optimal	0.880331
iDK1463.xml	obj	G_ECOLIN_RS04035	optimal	0.880331
iDK1463.xml	obj	G_ECOLIN_RS04040	optimal	0.880331
iDK1463.xml	obj	G_ECOLIN_RS04065	optimal	0.880331
iDK1463.xml	obj	G_ECOLIN_RS04070	optimal	0.880331
iDK1463.xml	obj	G_ECOLIN_RS04075	optimal	0.880331
iDK1463.xml	obj	G_ECOLIN_RS04080	optimal	0.880331
iDK1463.xml	obj	G_ECOLIN_RS04085	optimal	0.867395
iDK1463.xml	obj	G_ECOLIN_RS04125	optimal	0.0
iDK1463.xml	obj	G_ECOLIN_RS04130	optimal	0.0
iDK1463.xml	obj	G_ECOLIN_RS04135	optimal	0.0
iDK1463.xml	obj	G_ECOLIN_RS04140	optimal	0.0
iDK1463.xml	obj	G_ECOLIN_RS04145	optimal	0.0
iDK1463.xml	obj	G_ECOLIN_RS04165	optimal	0.880331
iDK1463.xml	obj	G_ECOLIN_RS04175	optimal	0.880331
iDK1463.xml	obj	G_ECOLIN_RS04180	optimal	0.880331
iDK1463.xml	obj	G_ECOLIN_RS04185	optimal	0.880331
iDK1463.xml	obj	G_ECOLIN_RS04205	optimal	0.880331
iDK1463.xml	obj	G_ECOLIN_RS04285	optimal	0.880331
iDK1463.xml	obj	G_ECOLIN_RS04300	optimal	0.880331
iDK1463.xml	obj	G_ECOLIN_RS04310	optimal	0.880331
iDK1463.xml	obj	G_ECOLIN_RS04315	optimal	0.880331
iDK1463.xml	obj	G_ECOLIN_RS04320	optimal	0.880331
iDK1463.xml	obj	G_ECOLIN_RS04335	optimal	0.880331
iDK1463.xml	obj	G_ECOLIN_RS04365	optimal	0.880331
iDK1463.xml	obj	G_ECOLIN_RS04375	optimal	0.880331
iDK1463.xml	obj	G_ECOLIN_RS04390	optimal	0.880331
iDK1463.xml	obj	G_ECOLIN_RS04395	optimal	0.880331
iDK1463.xml	obj	G_ECOLIN_RS04400	optimal	0.880331
iDK1463.xml	obj	G_ECOLIN_RS04405	optimal	0.880331
iDK1463.xml	obj	G_ECOLIN_RS04410	optimal	0.880331
iDK1463.xml	obj	G_ECOLIN_RS04415	optimal	0.880331
iDK1463.xml	obj	G_ECOLIN_RS04420	optimal	0.880331
iDK1463.xml	obj	G_ECOLIN_RS04425	optimal	0.880331
iDK1463.xml	obj	G_ECOLIN_RS04450	optimal	0.880331
iDK1463.xml	obj	G_ECOLIN_RS04460	optimal	0.880331
iDK1463.xml	obj	G_ECOLIN_RS04470	optimal	0.880331
iDK1463.xml	obj	G_ECOLIN_RS04475	optimal	0.880331
iDK1463.xml	obj	G_ECOLIN_RS04485	optimal	0.880331
iDK1463.xml	obj	G_ECOLIN_RS04520	optimal	0.880331
iDK1463.xml	obj	G_ECOLIN_RS04550	optimal	0.880331
iDK1463.xml	obj	G_ECOLIN_RS04555	optimal	0.880331
iDK1463.xml	obj	G_ECOLIN_RS04560	optimal	0.880331
iDK1463.xml	obj	G_ECOLIN_RS04565	optimal	0.880331
iDK1463.xml	obj	G_ECOLIN_RS04580	optimal	0.880331
iDK1463.xml	obj	G_ECOLIN_RS04585	optimal	0.880331
iDK1463.xml	obj	G_ECOLIN_RS04590	optimal	0.880331
iDK1463.xml	obj	G_ECOLIN_RS04600	optimal	0.880331
iDK1463.xml	obj	G_ECOLIN_RS04615	optimal	0.880331
iDK1463.xml	obj	G_ECOLIN_RS04630	optimal	0.880325
iDK1463.xml	obj	G_ECOLIN_RS04635	optimal	0.880331
iDK1463.xml	obj	G_ECOLIN_RS04650	optimal	0.880331
iDK1463.xml	obj	G_ECOLIN_RS04655	optimal	0.880331
iDK1463.xml	obj	G_ECOLIN_RS04715	optimal	0.880331
iDK1463.xml	obj	G_ECOLIN_RS04720	optimal	0.880331
iDK1463.xml	obj	G_ECOLIN_RS04725	optimal	0.880331
iDK1463.xml	obj	G_ECOLIN_RS04750	optimal	0.880331
iDK1463.xml	obj	G_ECOLIN_RS04755	optimal	0.880331
iDK1463.xml	obj	G_ECOLIN_RS04760	optimal	0.880331
iDK1463.xml	obj	G_ECOLIN_RS04765	optimal	0.880331
iDK1463.xml	obj	G_ECOLIN_RS04780	optimal	0.880331
iDK1463.xml	obj	G_ECOLIN_RS04790	optimal	0.880331
iDK1463.xml	obj	G_ECOLIN_RS04795	optimal	0.880331
iDK1463.xml	obj	G_ECOLIN_RS04805	optimal	0.838756
iDK1463.xml	obj	G_ECOLIN_RS04810	optimal	0.0
iDK1463.xml	obj	G_ECOLIN_RS04820	optimal	0.876001
iDK1463.xml	obj	G_ECOLIN_RS04840	optimal	0.0
iDK1463.xml	obj	G_ECOLIN_RS04860	optimal	0.0
iDK1463.xml	obj	G_ECOLIN_RS04895	optimal	0.880331
iDK1463.xml	obj	G_ECOLIN_RS04910	optimal	0.880331
iDK1463.xml	obj	G_ECOLIN_RS04920	optimal	0.880331
iDK1463.xml	obj	G_ECOLIN_RS04925	optimal	0.880331
iDK1463.xml	obj	G_ECOLIN_RS04930	optimal	0.880331
iDK1463.xml	obj	G_ECOLIN_RS04935	optimal	0.880331
iDK1463.xml	obj	G_ECOLIN_RS04945	optimal	0.880331
iDK1463.xml	obj	G_ECOLIN_RS04950	optimal	0.880331
iDK1463.xml	obj	G_ECOLIN_RS04955	optimal	0.880331
iDK1463.xml	obj	G_ECOLIN_RS04960	optimal	0.880331
iDK1463.xml	obj	G_ECOLIN_RS04965	optimal	0.880331
iDK1463.xml	obj	G_ECOLIN_RS05010	optimal	0.880331
iDK1463.xml	obj	G_ECOLIN_RS05025	optimal	0.880331
iDK1463.xml	obj	G_ECOLIN_RS05060	optimal	0.880331
iDK1463.xml	obj	G_ECOLIN_RS05090	optimal	0.880331
iDK1463.xml	obj	G_ECOLIN_RS05110	optimal	0.880331
iDK1463.xml	obj	G_ECOLIN_RS05115	optimal	0.880331
iDK1463.xml	obj	G_ECOLIN_RS05120	optimal	0.880331
iDK1463.xml	obj	G_ECOLIN_RS05140	optimal	0.880331
iDK1463.xml	obj	G_ECOLIN_RS05145	optimal	0.880331
iDK1463.xml	obj	G_ECOLIN_RS05155	optimal	0.880331
iDK1463.xml	obj	G_ECOLIN_RS05200	optimal	0.880331
iDK1463.xml	obj	G_ECOLIN_RS05205	optimal	0.880331
iDK1463.xml	obj	G_ECOLIN_RS05235	optimal	0.880331
iDK1463.xml	obj	G_ECOLIN_RS05260	optimal	0.880331
iDK1463.xml	obj	G_ECOLIN_RS05265	optimal	0.880331
iDK1463.xml	obj	G_ECOLIN_RS05270	optimal	0.880331
iDK1463.xml	obj	G_ECOLIN_RS05275	optimal	0.880331
iDK1463.xml	obj	G_ECOLIN_RS05280	optimal	0.880331
iDK1463.xml	obj	G_ECOLIN_RS05290	optimal	0.880331
iDK1463.xml	obj	G_ECOLIN_RS05300	optimal	0.880331
iDK1463.xml	obj	G_ECOLIN_RS05315	optimal	0.880331
iDK1463.xml	obj	G_ECOLIN_RS05325	optimal	0.880331
iDK1463.xml	obj	G_ECOLIN_RS05330	optimal	0.880331
iDK1463.xml	obj	G_ECOLIN_RS05345	optimal	0.880331
iDK1463.xml	obj	G_ECOLIN_RS05445	optimal	0.0
iDK1463.xml	obj	G_ECOLIN_RS05740	optimal	0.880331
iDK1463.xml	obj	G_ECOLIN_RS05755	optimal	0.880331
iDK1463.xml	obj	G_ECOLIN_RS05760	optimal	0.880331
iDK1463.xml	obj	G_ECOLIN_RS06000	optimal	0.880331
iDK1463.xml	obj	G_ECOLIN_RS06120	optimal	0.880331
iDK1463.xml	obj	G_ECOLIN_RS06145	optimal	0.880331
iDK1463.xml	obj	G_ECOLIN_RS06160	optimal	0.0
iDK1463.xml	obj	G_ECOLIN_RS06170	optimal	0.880331
iDK1463.xml	obj	G_ECOLIN_RS06195	optimal	0.0
iDK1463.xml	obj	G_ECOLIN_RS06300	optimal	0.880331
iDK1463.xml	obj	G_ECOLIN_RS06305	optimal	0.0
iDK1463.xml	obj	G_ECOLIN_RS06310	optimal	0.0
iDK1463.xml	obj	G_ECOLIN_RS06320	optimal	0.0
iDK1463.xml	obj	G_ECOLIN_RS06325	optimal	0.880331
iDK1463.xml	obj	G_ECOLIN_RS06330	optimal	0.880331
iDK1463.xml	obj	G_ECOLIN_RS06340	optimal	0.0
iDK1463.xml	obj	G_ECOLIN_RS06355	optimal	0.880331
iDK1463.xml	obj	G_ECOLIN_RS06370	optimal	0.880331
iDK1463.xml	obj	G_ECOLIN_RS06385	optimal	0.880331
iDK1463.xml	obj	G_ECOLIN_RS06390	optimal	0.880331
iDK1463.xml	obj	G_ECOLIN_RS06400	optimal	0.880331
iDK1463.xml	obj	G_ECOLIN_RS06420	optimal	0.880331
iDK1463.xml	obj	G_ECOLIN_RS06450	optimal	0.880331
iDK1463.xml	obj	G_ECOLIN_RS06615	optimal	0.0
iDK1463.xml	obj	G_ECOLIN_RS06630	optimal	0.880331
iDK1463.xml	obj	G_ECOLIN_RS06640	optimal	0.0
iDK1463.xml	obj	G_ECOLIN_RS07165	optimal	0.880331
iDK1463.xml	obj	G_ECOLIN_RS07170	optimal	0.880331
iDK1463.xml	obj	G_ECOLIN_RS07185	optimal	0.880331
iDK1463.xml	obj	G_ECOLIN_RS07190	optimal	0.880331
iDK1463.xml	obj	G_ECOLIN_RS07200	optimal	0.880331
iDK1463.xml	obj	G_ECOLIN_RS07205	optimal	0.880331
iDK1463.xml	obj	G_ECOLIN_RS07250	optimal	0.880331
iDK1463.xml	obj	G_ECOLIN_RS07255	optimal	0.880331
iDK1463.xml	obj	G_ECOLIN_RS07260	optimal	0.880331
iDK1463.xml	obj	G_ECOLIN_RS07265	optimal	0.880331
iDK1463.xml	obj	G_ECOLIN_RS07295	optimal	0.880331
iDK1463.xml	obj	G_ECOLIN_RS07300	optimal	0.880331
iDK1463.xml	obj	G_ECOLIN_RS07305	optimal	0.0
iDK1463.xml	obj	G_ECOLIN_RS07315	optimal	0.0
iDK1463.xml	obj	G_ECOLIN_RS07340	optimal	0.0
iDK1463.xml	obj	G_ECOLIN_RS07350	optimal	0.880331
iDK1463.xml	obj	G_ECOLIN_RS07390	optimal	0.880331
iDK1463.xml	obj	G_ECOLIN_RS07395	optimal	0.880331
iDK1463.xml	obj	G_ECOLIN_RS07400	optimal	0.880331
iDK1463.xml	obj	G_ECOLIN_RS07405	optimal	0.880331
iDK1463.xml	obj	G_ECOLIN_RS07410	optimal	0.880331
iDK1463.xml	obj	G_ECOLIN_RS07460	optimal	0.880331
iDK1463.xml	obj	G_ECOLIN_RS07480	optimal	0.880331
iDK1463.xml	obj	G_ECOLIN_RS07490	optimal	0.880331
iDK1463.xml	obj	G_ECOLIN_RS07500	optimal	0.880331
iDK1463.xml	obj	G_ECOLIN_RS07510	optimal	0.880331
iDK1463.xml	obj	G_ECOLIN_RS07515	optimal	0.880331
iDK1463.xml	obj	G_ECOLIN_RS07520	optimal	0.880331
iDK1463.xml	obj	G_ECOLIN_RS07525	optimal	0.880331
iDK1463.xml	obj	G_ECOLIN_RS07530	optimal	0.880331
iDK1463.xml	obj	G_ECOLIN_RS07540	optimal	0.880331
iDK1463.xml	obj	G_ECOLIN_RS07550	optimal	0.880331
iDK1463.xml	obj	G_ECOLIN_RS07560	optimal	0.880331
iDK1463.xml	obj	G_ECOLIN_RS07595	optimal	0.0
iDK1463.xml	obj	G_ECOLIN_RS07600	optimal	0.0
iDK1463.xml	obj	G_ECOLIN_RS07605	optimal	0.0
iDK1463.xml	obj	G_ECOLIN_RS07610	optimal	0.0
iDK1463.xml	obj	G_ECOLIN_RS07615	optimal	0.0
iDK1463.xml	obj	G_ECOLIN_RS07640	optimal	0.880331
iDK1463.xml	obj	G_ECOLIN_RS07705	optimal	0.880331
iDK1463.xml	obj	G_ECOLIN_RS07710	optimal	0.0
iDK1463.xml	obj	G_ECOLIN_RS07715	optimal	0.880331
iDK1463.xml	obj	G_ECOLIN_RS07730	optimal	0.0
iDK1463.xml	obj	G_ECOLIN_RS07755	optimal	0.880331
iDK1463.xml	obj	G_ECOLIN_RS07775	optimal	0.0
iDK1463.xml	obj	G_ECOLIN_RS07810	optimal	0.880331
iDK1463.xml	obj	G_ECOLIN_RS07870	optimal	0.880331
iDK1463.xml	obj	G_ECOLIN_RS07915	optimal	0.880331
iDK1463.xml	obj	G_ECOLIN_RS07925	optimal	0.880331
iDK1463.xml	obj	G_ECOLIN_RS07955	optimal	0.880331
iDK1463.xml	obj	G_ECOLIN_RS07985	optimal	0.880331
iDK1463.xml	obj	G_ECOLIN_RS07990	optimal	0.880331
iDK1463.xml	obj	G_ECOLIN_RS08045	optimal	0.880331
iDK1463.xml	obj	G_ECOLIN_RS08090	optimal	0.880331
iDK1463.xml	obj	G_ECOLIN_RS08095	optimal	0.880118
iDK1463.xml	obj	G_ECOLIN_RS08110	optimal	0.880331
iDK1463.xml	obj	G_ECOLIN_RS08150	optimal	0.880331
iDK1463.xml	obj	G_ECOLIN_RS08190	optimal	0.880331
iDK1463.xml	obj	G_ECOLIN_RS08260	optimal	0.880331
iDK1463.xml	obj	G_ECOLIN_RS08295	optimal	0.880331
iDK1463.xml	obj	G_ECOLIN_RS08320	optimal	0.880331
iDK1463.xml	obj	G_ECOLIN_RS08345	optimal	0.880331
iDK1463.xml	obj	G_ECOLIN_RS08365	optimal	0.880331
iDK1463.xml	obj	G_ECOLIN_RS08450	optimal	0.880331
iDK1463.xml	obj	G_ECOLIN_RS08460	optimal	0.880331
iDK1463.xml	obj	G_ECOLIN_RS08465	optimal	0.880331
iDK1463.xml	obj	G_ECOLIN_RS08470	optimal	0.880331
iDK1463.xml	obj	G_ECOLIN_RS08475	optimal	0.880331
iDK1463.xml	obj	G_ECOLIN_RS08480	optimal	0.880331
iDK1463.xml	obj	G_ECOLIN_RS08485	optimal	0.880331
iDK1463.xml	obj	G_ECOLIN_RS08520	optimal	0.880331
iDK1463.xml	obj	G_ECOLIN_RS08525	optimal	0.880331
iDK1463.xml	obj	G_ECOLIN_RS08560	optimal	0.880331
iDK1463.xml	obj	G_ECOLIN_RS08565	optimal	0.880331
iDK1463.xml	obj	G_ECOLIN_RS08675	optimal	0.880331
iDK1463.xml	obj	G_ECOLIN_RS08690	optimal	0.880331
iDK1463.xml	obj	G_ECOLIN_RS08705	optimal	0.880331
iDK1463.xml	obj	G_ECOLIN_RS08710	optimal	0.880331
iDK1463.xml	obj	G_ECOLIN_RS08720	optimal	0.880331
iDK1463.xml	obj	G_ECOLIN_RS08745	optimal	0.880331
iDK1463.xml	obj	G_ECOLIN_RS08750	optimal	0.880331
iDK1463.xml	obj	G_ECOLIN_RS08755	optimal	0.880331
iDK1463.xml	obj	G_ECOLIN_RS08760	optimal	0.880331
iDK1463.xml	obj	G_ECOLIN_RS08765	optimal	0.880331
iDK1463.xml	obj	G_ECOLIN_RS08775	optimal	0.880331
iDK1463.xml	obj	G_ECOLIN_RS08795	optimal	0.880331
iDK1463.xml	obj	G_ECOLIN_RS08810	optimal	0.880331
iDK1463.xml	obj	G_ECOLIN_RS08855	optimal	0.880331
iDK1463.xml	obj	G_ECOLIN_RS08870	optimal	0.880331
iDK1463.xml	obj	G_ECOLIN_RS08875	optimal	0.880331
iDK1463.xml	obj	G_ECOLIN_RS08880	optimal	0.880331
iDK1463.xml	obj	G_ECOLIN_RS08885	optimal	0.880331
iDK1463.xml	obj	G_ECOLIN_RS08895	optimal	0.880331
iDK1463.xml	obj	G_ECOLIN_RS08935	optimal	0.880331
iDK1463.xml	obj	G_ECOLIN_RS08940	optimal	0.880331
iDK1463.xml	obj	G_ECOLIN_RS08945	optimal	0.880331
iDK1463.xml	obj	G_ECOLIN_RS08950	optimal	0.880331
iDK1463.xml	obj	G_ECOLIN_RS08955	optimal	0.880331
iDK1463.xml	obj	G_ECOLIN_RS08970	optimal	0.880331
iDK1463.xml	obj	G_ECOLIN_RS08995	optimal	0.880331
iDK1463.xml	obj	G_ECOLIN_RS09000	optimal	0.880331
iDK1463.xml	obj	G_ECOLIN_RS09005	optimal	0.880331
iDK1463.xml	obj	G_ECOLIN_RS09020	optimal	0.880331
iDK1463.xml	obj	G_ECOLIN_RS09025	optimal	0.880331
iDK1463.xml	obj	G_ECOLIN_RS09035	optimal	0.880331
iDK1463.xml	obj	G_ECOLIN_RS09045	optimal	0.880331
iDK1463.xml	obj	G_ECOLIN_RS09050	optimal	0.880331
iDK1463.xml	obj	G_ECOLIN_RS09055	optimal	0.880331
iDK1463.xml	obj	G_ECOLIN_RS09120	optimal	0.880331
iDK1463.xml	obj	G_ECOLIN_RS09130	optimal	0.880331
iDK1463.xml	obj	G_ECOLIN_RS09135	optimal	0.880331
iDK1463.xml	obj	G_ECOLIN_RS09140	optimal	0.880331
iDK1463.xml	obj	G_ECOLIN_RS09150	optimal	0.880331
iDK1463.xml	obj	G_ECOLIN_RS09180	optimal	0.880331
iDK1463.xml	obj	G_ECOLIN_RS09205	optimal	0.880331
iDK1463.xml	obj	G_ECOLIN_RS09220	optimal	0.880331
iDK1463.xml	obj	G_ECOLIN_RS09225	optimal	0.880331
iDK1463.xml	obj	G_ECOLIN_RS09230	optimal	0.880331
iDK1463.xml	obj	G_ECOLIN_RS09260	optimal	0.880331
iDK1463.xml	obj	G_ECOLIN_RS09265	optimal	0.0
iDK1463.xml	obj	G_ECOLIN_RS09375	optimal	0.880331
iDK1463.xml	obj	G_ECOLIN_RS09380	optimal	0.880331
iDK1463.xml	obj	G_ECOLIN_RS09385	optimal	0.880331
iDK1463.xml	obj	G_ECOLIN_RS09390	optimal	0.880331
iDK1463.xml	obj	G_ECOLIN_RS09395	optimal	0.880331
iDK1463.xml	obj	G_ECOLIN_RS09400	optimal	0.880331
iDK1463.xml	obj	G_ECOLIN_RS09405	optimal	0.880331
iDK1463.xml	obj	G_ECOLIN_RS09410	optimal	0.880331
iDK1463.xml	obj	G_ECOLIN_RS09415	optimal	0.880331
iDK1463.xml	obj	G_ECOLIN_RS09425	optimal	0.880331
iDK1463.xml	obj	G_ECOLIN_RS09455	optimal	0.880331
iDK1463.xml	obj	G_ECOLIN_RS09460	optimal	0.0
iDK1463.xml	obj	G_ECOLIN_RS09465	optimal	0.880331
iDK1463.xml	obj	G_ECOLIN_RS09470	optimal	0.862991
iDK1463.xml	obj	G_ECOLIN_RS09505	optimal	0.880331
iDK1463.xml	obj	G_ECOLIN_RS09510	optimal	0.880331
iDK1463.xml	obj	G_ECOLIN_RS09525	optimal	0.880331
iDK1463.xml	obj	G_ECOLIN_RS09550	optimal	0.880331
iDK1463.xml	obj	G_ECOLIN_RS09555	optimal	0.880331
iDK1463.xml	obj	G_ECOLIN_RS09560	optimal	0.880331
iDK1463.xml	obj	G_ECOLIN_RS09600	optimal	0.880331
iDK1463.xml	obj	G_ECOLIN_RS09620	optimal	0.880331
iDK1463.xml	obj	G_ECOLIN_RS09640	optimal	0.880331
iDK1463.xml	obj	G_ECOLIN_RS09660	optimal	0.880331
iDK1463.xml	obj	G_ECOLIN_RS09665	optimal	0.880331
iDK1463.xml	obj	G_ECOLIN_RS09670	optimal	0.880331
iDK1463.xml	obj	G_ECOLIN_RS09680	optimal	0.880331
iDK1463.xml	obj	G_ECOLIN_RS09685	optimal	0.880331
iDK1463.xml	obj	G_ECOLIN_RS09690	optimal	0.880331
iDK1463.xml	obj	G_ECOLIN_RS09700	optimal	0.0
iDK1463.xml	obj	G_ECOLIN_RS09725	optimal	0.880331
iDK1463.xml	obj	G_ECOLIN_RS09730	optimal	0.880331
iDK1463.xml	obj	G_ECOLIN_RS09735	optimal	0.880331
iDK1463.xml	obj	G_ECOLIN_RS09740	optimal	0.880331
iDK1463.xml	obj	G_ECOLIN_RS09745	optimal	0.880331
iDK1463.xml	obj	G_ECOLIN_RS09800	optimal	0.880331
iDK1463.xml	obj	G_ECOLIN_RS09810	optimal	0.880331
iDK1463.xml	obj	G_ECOLIN_RS09820	optimal	0.880331
iDK1463.xml	obj	G_ECOLIN_RS09835	optimal	0.880331
iDK1463.xml	obj	G_ECOLIN_RS09860	optimal	0.880331
iDK1463.xml	obj	G_ECOLIN_RS09865	optimal	0.880331
iDK1463.xml	obj	G_ECOLIN_RS09880	optimal	0.880331
iDK1463.xml	obj	G_ECOLIN_RS09895	optimal	0.880331
iDK1463.xml	obj	G_ECOLIN_RS09915	optimal	0.880331
iDK1463.xml	obj	G_ECOLIN_RS09920	optimal	0.622573
iDK1463.xml	obj	G_ECOLIN_RS09930	optimal	0.880331
iDK1463.xml	obj	G_ECOLIN_RS09995	optimal	0.880331
iDK1463.xml	obj	G_ECOLIN_RS10020	optimal	0.880331
iDK1463.xml	obj	G_ECOLIN_RS10040	optimal	0.880331
iDK1463.xml	obj	G_ECOLIN_RS10080	optimal	0.0
iDK1463.xml	obj	G_ECOLIN_RS10085	optimal	0.880331
iDK1463.xml	obj	G_ECOLIN_RS10090	optimal	0.880331
iDK1463.xml	obj	G_ECOLIN_RS10110	optimal	0.880331
iDK1463.xml	obj	G_ECOLIN_RS10115	optimal	0.880331
iDK1463.xml	obj	G_ECOLIN_RS10120	optimal	0.880331
iDK1463.xml	obj	G_ECOLIN_RS10135	optimal	0.880331
iDK1463.xml	obj	G_ECOLIN_RS10200	optimal	0.880331
iDK1463.xml	obj	G_ECOLIN_RS10305	optimal	0.880331
iDK1463.xml	obj	G_ECOLIN_RS10310	optimal	0.880331
iDK1463.xml	obj	G_ECOLIN_RS10315	optimal	0.867395
iDK1463.xml	obj	G_ECOLIN_RS10330	optimal	0.880331
iDK1463.xml	obj	G_ECOLIN_RS10335	optimal	0.880331
iDK1463.xml	obj	G_ECOLIN_RS10340	optimal	0.880331
iDK1463.xml	obj	G_ECOLIN_RS10345	optimal	0.880331
iDK1463.xml	obj	G_ECOLIN_RS10350	optimal	0.880331
iDK1463.xml	obj	G_ECOLIN_RS10355	optimal	0.880331
iDK1463.xml	obj	G_ECOLIN_RS10385	optimal	0.880331
iDK1463.xml	obj	G_ECOLIN_RS10390	optimal	0.880331
iDK1463.xml	obj	G_ECOLIN_RS10640	optimal	0.880331
iDK1463.xml	obj	G_ECOLIN_RS10695	optimal	0.880331
iDK1463.xml	obj	G_ECOLIN_RS10705	optimal	0.880331
iDK1463.xml	obj	G_ECOLIN_RS10710	optimal	0.880331
iDK1463.xml	obj	G_ECOLIN_RS10725	optimal	0.880331
iDK1463.xml	obj	G_ECOLIN_RS10810	optimal	0.880331
iDK1463.xml	obj	G_ECOLIN_RS10815	optimal	0.880331
iDK1463.xml	obj	G_ECOLIN_RS10820	optimal	0.880331
iDK1463.xml	obj	G_ECOLIN_RS10825	optimal	0.880331
iDK1463.xml	obj	G_ECOLIN_RS10830	optimal	0.880331
iDK1463.xml	obj	G_ECOLIN_RS10865	optimal	0.880331
iDK1463.xml	obj	G_ECOLIN_RS10890	optimal	0.880331
iDK1463.xml	obj	G_ECOLIN_RS10920	optimal	0.880331
iDK1463.xml	obj	G_ECOLIN_RS10925	optimal	0.880331
iDK1463.xml	obj	G_ECOLIN_RS10930	optimal	0.880331
iDK1463.xml	obj	G_ECOLIN_RS10965	optimal	0.880331
iDK1463.xml	obj	G_ECOLIN_RS11000	optimal	0.880331
iDK1463.xml	obj	G_ECOLIN_RS11040	optimal	0.880331
iDK1463.xml	obj	G_ECOLIN_RS11180	optimal	0.880331
iDK1463.xml	obj	G_ECOLIN_RS11375	optimal	0.880331
iDK1463.xml	obj	G_ECOLIN_RS11380	optimal	0.880331
iDK1463.xml	obj	G_ECOLIN_RS11450	optimal	0.880331
iDK1463.xml	obj	G_ECOLIN_RS11455	optimal	0.880331
iDK1463.xml	obj	G_ECOLIN_RS11485	optimal	0.880331
iDK1463.xml	obj	G_ECOLIN_RS11615	optimal	0.880331
iDK1463.xml	obj	G_ECOLIN_RS11620	optimal	0.880331
iDK1463.xml	obj	G_ECOLIN_RS11625	optimal	0.880331
iDK1463.xml	obj	G_ECOLIN_RS11630	optimal	0.880331
iDK1463.xml	obj	G_ECOLIN_RS11905	optimal	0.880331
iDK1463.xml	obj	G_ECOLIN_RS11915	optimal	0.880331
iDK1463.xml	obj	G_ECOLIN_RS11940	optimal	0.0
iDK1463.xml	obj	G_ECOLIN_RS11945	optimal	0.0
iDK1463.xml	obj	G_ECOLIN_RS11950	optimal	0.0
iDK1463.xml	obj	G_ECOLIN_RS11955	optimal	0.0
iDK1463.xml	obj	G_ECOLIN_RS11960	optimal	0.0
iDK1463.xml	obj	G_ECOLIN_RS11965	optimal	0.0
iDK1463.xml	obj	G_ECOLIN_RS11970	optimal	0.0
iDK1463.xml	obj	G_ECOLIN_RS11975	optimal	0.0
iDK1463.xml	obj	G_ECOLIN_RS11985	optimal	0.880331
iDK1463.xml	obj	G_ECOLIN_RS11990	optimal	0.867395
iDK1463.xml	obj	G_ECOLIN_RS12000	optimal	0.880331
iDK1463.xml	obj	G_ECOLIN_RS12010	optimal	0.880331
iDK1463.xml	obj	G_ECOLIN_RS12065	optimal	0.880331
iDK1463.xml	obj	G_ECOLIN_RS12070	optimal	0.880331
iDK1463.xml	obj	G_ECOLIN_RS12075	optimal	0.880331
iDK1463.xml	obj	G_ECOLIN_RS12085	optimal	0.880331
iDK1463.xml	obj	G_ECOLIN_RS12090	optimal	0.880331
iDK1463.xml	obj	G_ECOLIN_RS12095	optimal	0.880331
iDK1463.xml	obj	G_ECOLIN_RS12155	optimal	0.880331
iDK1463.xml	obj	G_ECOLIN_RS12160	optimal	0.880331
iDK1463.xml	obj	G_ECOLIN_RS12275	optimal	0.880331
iDK1463.xml	obj	G_ECOLIN_RS12280	optimal	0.880331
iDK1463.xml	obj	G_ECOLIN_RS12285	optimal	0.880331
iDK1463.xml	obj	G_ECOLIN_RS12290	optimal	0.880331
iDK1463.xml	obj	G_ECOLIN_RS12295	optimal	0.880331
iDK1463.xml	obj	G_ECOLIN_RS12300	optimal	0.880331
iDK1463.xml	obj	G_ECOLIN_RS12305	optimal	0.880331
iDK1463.xml	obj	G_ECOLIN_RS12335	optimal	0.0
iDK1463.xml	obj	G_ECOLIN_RS12340	optimal	0.880331
iDK1463.xml	obj	G_ECOLIN_RS12395	optimal	0.880331
iDK1463.xml	obj	G_ECOLIN_RS12470	optimal	0.880331
iDK1463.xml	obj	G_ECOLIN_RS12490	optimal	0.880331
iDK1463.xml	obj	G_ECOLIN_RS12495	optimal	0.880331
iDK1463.xml	obj	G_ECOLIN_RS12500	optimal	0.880331
iDK1463.xml	obj	G_ECOLIN_RS12545	optimal	0.880331
iDK1463.xml	obj	G_ECOLIN_RS12560	optimal	0.880331
iDK1463.xml	obj	G_ECOLIN_RS12565	optimal	0.880331
iDK1463.xml	obj	G_ECOLIN_RS12580	optimal	0.880331
iDK1463.xml	obj	G_ECOLIN_RS12600	optimal	0.0
iDK1463.xml	obj	G_ECOLIN_RS12610	optimal	0.880331
iDK1463.xml	obj	G_ECOLIN_RS12615	optimal	0.880331
iDK1463.xml	obj	G_ECOLIN_RS12625	optimal	0.880331
iDK1463.xml	obj	G_ECOLIN_RS12650	optimal	0.880331
iDK1463.xml	obj	G_ECOLIN_RS12660	optimal	0.880331
iDK1463.xml	obj	G_ECOLIN_RS12670	optimal	0.880331
iDK1463.xml	obj	G_ECOLIN_RS12675	optimal	0.880331
iDK1463.xml	obj	G_ECOLIN_RS12680	optimal	0.880331
iDK1463.xml	obj	G_ECOLIN_RS12685	optimal	0.880331
iDK1463.xml	obj	G_ECOLIN_RS12690	optimal	0.880331
iDK1463.xml	obj	G_ECOLIN_RS12710	optimal	0.880331
iDK1463.xml	obj	G_ECOLIN_RS12715	optimal	0.880331
iDK1463.xml	obj	G_ECOLIN_RS12720	optimal	0.880331
iDK1463.xml	obj	G_ECOLIN_RS12730	optimal	0.880331
iDK1463.xml	obj	G_ECOLIN_RS12735	optimal	0.880331
iDK1463.xml	obj	G_ECOLIN_RS12740	optimal	0.880331
iDK1463.xml	obj	G_ECOLIN_RS12745	optimal	0.880331
iDK1463.xml	obj	G_ECOLIN_RS12840	optimal	0.880331
iDK1463.xml	obj	G_ECOLIN_RS12845	optimal	0.880331
iDK1463.xml	obj	G_ECOLIN_RS12850	optimal	0.880331
iDK1463.xml	obj	G_ECOLIN_RS12855	optimal	0.880331
iDK1463.xml	obj	G_ECOLIN_RS12860	optimal	0.880331
iDK1463.xml	obj	G_ECOLIN_RS12865	optimal	0.880331
iDK1463.xml	obj	G_ECOLIN_RS12870	optimal	0.880331
iDK1463.xml	obj	G_ECOLIN_RS12875	optimal	0.880331
iDK1463.xml	obj	G_ECOLIN_RS12880	optimal	0.880331
iDK1463.xml	obj	G_ECOLIN_RS12885	optimal	0.880331
iDK1463.xml	obj	G_ECOLIN_RS12910	optimal	0.880331
iDK1463.xml	obj	G_ECOLIN_RS12935	optimal	0.880331
iDK1463.xml	obj	G_ECOLIN_RS12970	optimal	0.880331
iDK1463.xml	obj	G_ECOLIN_RS12975	optimal	0.880331
iDK1463.xml	obj	G_ECOLIN_RS12980	optimal	0.880331
iDK1463.xml	obj	G_ECOLIN_RS12985	optimal	0.880331
iDK1463.xml	obj	G_ECOLIN_RS13020	optimal	0.880331
iDK1463.xml	obj	G_ECOLIN_RS13035	optimal	0.880331
iDK1463.xml	obj	G_ECOLIN_RS13040	optimal	0.880331
iDK1463.xml	obj	G_ECOLIN_RS13055	optimal	0.880331
iDK1463.xml	obj	G_ECOLIN_RS13060	optimal	0.880331
iDK1463.xml	obj	G_ECOLIN_RS13065	optimal	0.880331
iDK1463.xml	obj	G_ECOLIN_RS13070	optimal	0.880331
iDK1463.xml	obj	G_ECOLIN_RS13075	optimal	0.880331
iDK1463.xml	obj	G_ECOLIN_RS13085	optimal	0.880331
iDK1463.xml	obj	G_ECOLIN_RS13090	optimal	0.880331
iDK1463.xml	obj	G_ECOLIN_RS13095	optimal	0.880331
iDK1463.xml	obj	G_ECOLIN_RS13115	optimal	0.880331
iDK1463.xml	obj	G_ECOLIN_RS13125	optimal	0.880331
iDK1463.xml	obj	G_ECOLIN_RS13130	optimal	0.880331
iDK1463.xml	obj	G_ECOLIN_RS13135	optimal	0.880331
iDK1463.xml	obj	G_ECOLIN_RS13140	optimal	0.880331
iDK1463.xml	obj	G_ECOLIN_RS13145	optimal	0.880331
iDK1463.xml	obj	G_ECOLIN_RS13150	optimal	0.880331
iDK1463.xml	obj	G_ECOLIN_RS13155	optimal	0.880331
iDK1463.xml	obj	G_ECOLIN_RS13165	optimal	0.880331
iDK1463.xml	obj	G_ECOLIN_RS13170	optimal	0.880331
iDK1463.xml	obj	G_ECOLIN_RS13175	optimal	0.880331
iDK1463.xml	obj	G_ECOLIN_RS13180	optimal	0.880331
iDK1463.xml	obj	G_ECOLIN_RS13185	optimal	0.880331
iDK1463.xml	obj	G_ECOLIN_RS13190	optimal	0.880331
iDK1463.xml	obj	G_ECOLIN_RS13225	optimal	0.674563
iDK1463.xml	obj	G_ECOLIN_RS13230	optimal	0.674563
iDK1463.xml	obj	G_ECOLIN_RS13235	optimal	0.674563
iDK1463.xml	obj	G_ECOLIN_RS13240	optimal	0.674563
iDK1463.xml	obj	G_ECOLIN_RS13245	optimal	0.674563
iDK1463.xml	obj	G_ECOLIN_RS13250	optimal	0.674563
iDK1463.xml	obj	G_ECOLIN_RS13255	optimal	0.674563
iDK1463.xml	obj	G_ECOLIN_RS13260	optimal	0.674563
iDK1463.xml	obj	G_ECOLIN_RS13265	optimal	0.674563
iDK1463.xml	obj	G_ECOLIN_RS13270	optimal	0.674563
iDK1463.xml	obj	G_ECOLIN_RS13275	optimal	0.674563
iDK1463.xml	obj	G_ECOLIN_RS13280	optimal	0.674563
iDK1463.xml	obj	G_ECOLIN_RS13285	optimal	0.674563
iDK1463.xml	obj	G_ECOLIN_RS13295	optimal	0.880331
iDK1463.xml	obj	G_ECOLIN_RS13300	optimal	0.880331
iDK1463.xml	obj	G_ECOLIN_RS13310	optimal	0.880331
iDK1463.xml	obj	G_ECOLIN_RS13330	optimal	0.880331
iDK1463.xml	obj	G_ECOLIN_RS13335	optimal	0.880331
iDK1463.xml	obj	G_ECOLIN_RS13360	optimal	0.880331
iDK1463.xml	obj	G_ECOLIN_RS13365	optimal	0.880331
iDK1463.xml	obj	G_ECOLIN_RS13375	optimal	0.880331
iDK1463.xml	obj	G_ECOLIN_RS13380	optimal	0.880331
iDK1463.xml	obj	G_ECOLIN_RS13385	optimal	0.880331
iDK1463.xml	obj	G_ECOLIN_RS13390	optimal	0.880331
iDK1463.xml	obj	G_ECOLIN_RS13405	optimal	-0.0
iDK1463.xml	obj	G_ECOLIN_RS13420	optimal	0.0
iDK1463.xml	obj	G_ECOLIN_RS13425	optimal	0.0
iDK1463.xml	obj	G_ECOLIN_RS13445	optimal	0.880327
iDK1463.xml	obj	G_ECOLIN_RS13460	optimal	0.0
iDK1463.xml	obj	G_ECOLIN_RS13485	optimal	0.880331
iDK1463.xml	obj	G_ECOLIN_RS13490	optimal	0.0
iDK1463.xml	obj	G_ECOLIN_RS13550	optimal	0.880331
iDK1463.xml	obj	G_ECOLIN_RS13555	optimal	0.880331
iDK1463.xml	obj	G_ECOLIN_RS13565	optimal	0.880331
iDK1463.xml	obj	G_ECOLIN_RS13570	optimal	0.880331
iDK1463.xml	obj	G_ECOLIN_RS13575	optimal	0.880331
iDK1463.xml	obj	G_ECOLIN_RS13620	optimal	0.880331
iDK1463.xml	obj	G_ECOLIN_RS13645	optimal	0.880331
iDK1463.xml	obj	G_ECOLIN_RS13655	optimal	0.880331
iDK1463.xml	obj	G_ECOLIN_RS13660	optimal	0.880331
iDK1463.xml	obj	G_ECOLIN_RS13685	optimal	0.880331
iDK1463.xml	obj	G_ECOLIN_RS13690	optimal	0.880331
iDK1463.xml	obj	G_ECOLIN_RS13735	optimal	0.880331
iDK1463.xml	obj	G_ECOLIN_RS13755	optimal	0.880331
iDK1463.xml	obj	G_ECOLIN_RS13760	optimal	0.880331
iDK1463.xml	obj	G_ECOLIN_RS13825	optimal	0.880331
iDK1463.xml	obj	G_ECOLIN_RS13830	optimal	0.880331
iDK1463.xml	obj	G_ECOLIN_RS13855	optimal	0.880331
iDK1463.xml	obj	G_ECOLIN_RS13865	optimal	0.87882
iDK1463.xml	obj	G_ECOLIN_RS13870	optimal	0.880331
iDK1463.xml	obj	G_ECOLIN_RS13875	optimal	0.857577
iDK1463.xml	obj	G_ECOLIN_RS13880	optimal	0.857577
iDK1463.xml	obj	G_ECOLIN_RS13885	optimal	0.880331
iDK1463.xml	obj	G_ECOLIN_RS13890	optimal	0.880331
iDK1463.xml	obj	G_ECOLIN_RS13900	optimal	0.880331
iDK1463.xml	obj	G_ECOLIN_RS13905	optimal	0.880331
iDK1463.xml	obj	G_ECOLIN_RS13910	optimal	0.880331
iDK1463.xml	obj	G_ECOLIN_RS13915	optimal	0.880331
iDK1463.xml	obj	G_ECOLIN_RS13920	optimal	0.880331
iDK1463.xml	obj	G_ECOLIN_RS13925	optimal	0.880331
iDK1463.xml	obj	G_ECOLIN_RS13930	optimal	0.880331
iDK1463.xml	obj	G_ECOLIN_RS13935	optimal	0.880331
iDK1463.xml	obj	G_ECOLIN_RS13940	optimal	0.880331
iDK1463.xml	obj	G_ECOLIN_RS13960	optimal	0.880331
iDK1463.xml	obj	G_ECOLIN_RS13965	optimal	0.880309
iDK1463.xml	obj	G_ECOLIN_RS13985	optimal	0.880331
iDK1463.xml	obj	G_ECOLIN_RS13990	optimal	0.880331
iDK1463.xml	obj	G_ECOLIN_RS14030	optimal	0.880331
iDK1463.xml	obj	G_ECOLIN_RS14055	optimal	0.880331
iDK1463.xml	obj	G_ECOLIN_RS14060	optimal	0.880331
iDK1463.xml	obj	G_ECOLIN_RS14065	optimal	0.880331
iDK1463.xml	obj	G_ECOLIN_RS14075	optimal	0.880331
iDK1463.xml	obj	G_ECOLIN_RS14090	optimal	0.880331
iDK1463.xml	obj	G_ECOLIN_RS14105	optimal	0.0
iDK1463.xml	obj	G_ECOLIN_RS14130	optimal	-0.0
iDK1463.xml	obj	G_ECOLIN_RS14145	optimal	0.0
iDK1463.xml	obj	G_ECOLIN_RS14155	optimal	0.880331
iDK1463.xml	obj	G_ECOLIN_RS14180	optimal	0.880331
iDK1463.xml	obj	G_ECOLIN_RS14185	optimal	0.880331
iDK1463.xml	obj	G_ECOLIN_RS14190	optimal	0.0
iDK1463.xml	obj	G_ECOLIN_RS14195	optimal	0.0
iDK1463.xml	obj	G_ECOLIN_RS14200	optimal	0.880331
iDK1463.xml	obj	G_ECOLIN_RS14205	optimal	0.880331
iDK1463.xml	obj	G_ECOLIN_RS14210	optimal	0.880331
iDK1463.xml	obj	G_ECOLIN_RS14235	optimal	0.0
iDK1463.xml	obj	G_ECOLIN_RS14240	optimal	0.87645
iDK1463.xml	obj	G_ECOLIN_RS14285	optimal	0.880331
iDK1463.xml	obj	G_ECOLIN_RS14290	optimal	0.0
iDK1463.xml	obj	G_ECOLIN_RS14305	optimal	0.880331
iDK1463.xml	obj	G_ECOLIN_RS14310	optimal	0.880331
iDK1463.xml	obj	G_ECOLIN_RS14320	optimal	0.880331
iDK1463.xml	obj	G_ECOLIN_RS14330	optimal	0.880331
iDK1463.xml	obj	G_ECOLIN_RS14355	optimal	0.880326
iDK1463.xml	obj	G_ECOLIN_RS14360	optimal	0.880326
iDK1463.xml	obj	G_ECOLIN_RS14365	optimal	0.0
iDK1463.xml	obj	G_ECOLIN_RS14380	optimal	0.880331
iDK1463.xml	obj	G_ECOLIN_RS14395	optimal	0.880331
iDK1463.xml	obj	G_ECOLIN_RS14410	optimal	0.880331
iDK1463.xml	obj	G_ECOLIN_RS14440	optimal	0.859271
iDK1463.xml	obj	G_ECOLIN_RS14445	optimal	0.880331
iDK1463.xml	obj	G_ECOLIN_RS14470	optimal	0.0
iDK1463.xml	obj	G_ECOLIN_RS14475	optimal	0.880331
iDK1463.xml	obj	G_ECOLIN_RS14510	optimal	0.880331
iDK1463.xml	obj	G_ECOLIN_RS14515	optimal	0.0
iDK1463.xml	obj	G_ECOLIN_RS14570	optimal	0.0
iDK1463.xml	obj	G_ECOLIN_RS14590	optimal	0.880331
iDK1463.xml	obj	G_ECOLIN_RS14615	optimal	0.880331
iDK1463.xml	obj	G_ECOLIN_RS14630	optimal	0.0
iDK1463.xml	obj	G_ECOLIN_RS14640	optimal	0.880331
iDK1463.xml	obj	G_ECOLIN_RS14675	optimal	0.880331
iDK1463.xml	obj	G_ECOLIN_RS14695	optimal	0.0
iDK1463.xml	obj	G_ECOLIN_RS14700	optimal	0.0
iDK1463.xml	obj	G_ECOLIN_RS14705	optimal	0.880331
iDK1463.xml	obj	G_ECOLIN_RS14770	optimal	0.0
iDK1463.xml	obj	G_ECOLIN_RS14835	optimal	0.880331
iDK1463.xml	obj	G_ECOLIN_RS14840	optimal	0.880331
iDK1463.xml	obj	G_ECOLIN_RS14845	optimal	0.880331
iDK1463.xml	obj	G_ECOLIN_RS14850	optimal	0.880331
iDK1463.xml	obj	G_ECOLIN_RS14875	optimal	0.880331
iDK1463.xml	obj	G_ECOLIN_RS14885	optimal	0.880331
iDK1463.xml	obj	G_ECOLIN_RS14920	optimal	0.880331
iDK1463.xml	obj	G_ECOLIN_RS14925	optimal	0.880331
iDK1463.xml	obj	G_ECOLIN_RS14930	optimal	0.880331
iDK1463.xml	obj	G_ECOLIN_RS14935	optimal	0.880331
iDK1463.xml	obj	G_ECOLIN_RS14940	optimal	0.880331
iDK1463.xml	obj	G_ECOLIN_RS14950	optimal	0.880331
iDK1463.xml	obj	G_ECOLIN_RS14955	optimal	0.880331
iDK1463.xml	obj	G_ECOLIN_RS14985	optimal	0.0
iDK1463.xml	obj	G_ECOLIN_RS14990	optimal	0.880331
iDK1463.xml	obj	G_ECOLIN_RS15000	optimal	0.880331
iDK1463.xml	obj	G_ECOLIN_RS15065	optimal	0.880331
iDK1463.xml	obj	G_ECOLIN_RS15070	optimal	0.880331
iDK1463.xml	obj	G_ECOLIN_RS15075	optimal	0.880331
iDK1463.xml	obj	G_ECOLIN_RS15080	optimal	0.880331
iDK1463.xml	obj	G_ECOLIN_RS15085	optimal	0.880331
iDK1463.xml	obj	G_ECOLIN_RS15090	optimal	0.880331
iDK1463.xml	obj	G_ECOLIN_RS15105	optimal	0.880331
iDK1463.xml	obj	G_ECOLIN_RS15120	optimal	0.880331
iDK1463.xml	obj	G_ECOLIN_RS15150	optimal	0.880331
iDK1463.xml	obj	G_ECOLIN_RS15195	optimal	0.880331
iDK1463.xml	obj	G_ECOLIN_RS15200	optimal	0.880331
iDK1463.xml	obj	G_ECOLIN_RS15205	optimal	0.880331
iDK1463.xml	obj	G_ECOLIN_RS15210	optimal	0.880331
iDK1463.xml	obj	G_ECOLIN_RS15215	optimal	0.880331
iDK1463.xml	obj	G_ECOLIN_RS15220	optimal	0.880331
iDK1463.xml	obj	G_ECOLIN_RS15240	optimal	0.880331
iDK1463.xml	obj	G_ECOLIN_RS15300	optimal	0.880331
iDK1463.xml	obj	G_ECOLIN_RS15345	optimal	0.880331
iDK1463.xml	obj	G_ECOLIN_RS15355	optimal	0.0
iDK1463.xml	obj	G_ECOLIN_RS15360	optimal	0.0
iDK1463.xml	obj	G_ECOLIN_RS15375	optimal	0.0
iDK1463.xml	obj	G_ECOLIN_RS15380	optimal	0.0
iDK1463.xml	obj	G_ECOLIN_RS15385	optimal	0.0
iDK1463.xml	obj	G_ECOLIN_RS15400	optimal	0.0
iDK1463.xml	obj	G_ECOLIN_RS15405	optimal	0.0
iDK1463.xml	obj	G_ECOLIN_RS15410	optimal	0.0
iDK1463.xml	obj	G_ECOLIN_RS15415	optimal	0.880331
iDK1463.xml	obj	G_ECOLIN_RS15500	optimal	0.704571
iDK1463.xml	obj	G_ECOLIN_RS15505	optimal	0.0
iDK1463.xml	obj	G_ECOLIN_RS15510	optimal	0.880331
iDK1463.xml	obj	G_ECOLIN_RS15515	optimal	0.880331
iDK1463.xml	obj	G_ECOLIN_RS15535	optimal	0.880331
iDK1463.xml	obj	G_ECOLIN_RS15540	optimal	0.880331
iDK1463.xml	obj	G_ECOLIN_RS15580	optimal	0.880331
iDK1463.xml	obj	G_ECOLIN_RS15590	optimal	0.880331
iDK1463.xml	obj	G_ECOLIN_RS15595	optimal	0.880331
iDK1463.xml	obj	G_ECOLIN_RS15605	optimal	0.880331
iDK1463.xml	obj	G_ECOLIN_RS15610	optimal	0.880331
iDK1463.xml	obj	G_ECOLIN_RS15615	optimal	0.880331
iDK1463.xml	obj	G_ECOLIN_RS15620	optimal	0.880331
iDK1463.xml	obj	G_ECOLIN_RS15625	optimal	0.880331
iDK1463.xml	obj	G_ECOLIN_RS15660	optimal	0.880331
iDK1463.xml	obj	G_ECOLIN_RS15675	optimal	0.880331
iDK1463.xml	obj	G_ECOLIN_RS15815	optimal	0.880331
iDK1463.xml	obj	G_ECOLIN_RS15820	optimal	0.0
iDK1463.xml	obj	G_ECOLIN_RS15865	optimal	0.0
iDK1463.xml	obj	G_ECOLIN_RS15915	optimal	0.880331
iDK1463.xml	obj	G_ECOLIN_RS15920	optimal	0.862991
iDK1463.xml	obj	G_ECOLIN_RS15930	optimal	0.0
iDK1463.xml	obj	G_ECOLIN_RS15945	optimal	0.880331
iDK1463.xml	obj	G_ECOLIN_RS15950	optimal	0.880331
iDK1463.xml	obj	G_ECOLIN_RS15955	optimal	0.880331
iDK1463.xml	obj	G_ECOLIN_RS15960	optimal	0.880331
iDK1463.xml	obj	G_ECOLIN_RS15980	optimal	0.880331
iDK1463.xml	obj	G_ECOLIN_RS15985	optimal	0.880331
iDK1463.xml	obj	G_ECOLIN_RS15990	optimal	0.880331
iDK1463.xml	obj	G_ECOLIN_RS16005	optimal	0.880331
iDK1463.xml	obj	G_ECOLIN_RS16015	optimal	0.880331
iDK1463.xml	obj	G_ECOLIN_RS16035	optimal	0.880331
iDK1463.xml	obj	G_ECOLIN_RS16060	optimal	0.880331
iDK1463.xml	obj	G_ECOLIN_RS16065	optimal	0.880331
iDK1463.xml	obj	G_ECOLIN_RS16070	optimal	0.880331
iDK1463.xml	obj	G_ECOLIN_RS16090	optimal	0.880331
iDK1463.xml	obj	G_ECOLIN_RS16100	optimal	0.880331
iDK1463.xml	obj	G_ECOLIN_RS16105	optimal	0.880331
iDK1463.xml	obj	G_ECOLIN_RS16120	optimal	0.880331
iDK1463.xml	obj	G_ECOLIN_RS16130	optimal	0.880331
iDK1463.xml	obj	G_ECOLIN_RS16160	optimal	0.880331
iDK1463.xml	obj	G_ECOLIN_RS16165	optimal	0.880005
iDK1463.xml	obj	G_ECOLIN_RS16170	optimal	0.880005
iDK1463.xml	obj	G_ECOLIN_RS16175	optimal	0.880005
iDK1463.xml	obj	G_ECOLIN_RS16180	optimal	0.880331
iDK1463.xml	obj	G_ECOLIN_RS16185	optimal	0.880331
iDK1463.xml	obj	G_ECOLIN_RS16205	optimal	0.880331
iDK1463.xml	obj	G_ECOLIN_RS16210	optimal	0.847929
iDK1463.xml	obj	G_ECOLIN_RS16215	optimal	0.880331
iDK1463.xml	obj	G_ECOLIN_RS16230	optimal	0.880331
iDK1463.xml	obj	G_ECOLIN_RS16245	optimal	0.880331
iDK1463.xml	obj	G_ECOLIN_RS16250	optimal	0.880331
iDK1463.xml	obj	G_ECOLIN_RS16255	optimal	0.880331
iDK1463.xml	obj	G_ECOLIN_RS16260	optimal	0.622573
iDK1463.xml	obj	G_ECOLIN_RS16265	optimal	0.880331
iDK1463.xml	obj	G_ECOLIN_RS16315	optimal	0.880331
iDK1463.xml	obj	G_ECOLIN_RS16320	optimal	0.880331
iDK1463.xml	obj	G_ECOLIN_RS16330	optimal	0.880331
iDK1463.xml	obj	G_ECOLIN_RS16340	optimal	0.880331
iDK1463.xml	obj	G_ECOLIN_RS16350	optimal	0.880331
iDK1463.xml	obj	G_ECOLIN_RS16370	optimal	0.0
iDK1463.xml	obj	G_ECOLIN_RS16375	optimal	0.880331
iDK1463.xml	obj	G_ECOLIN_RS16395	optimal	0.880331
iDK1463.xml	obj	G_ECOLIN_RS16430	optimal	0.880331
iDK1463.xml	obj	G_ECOLIN_RS16445	optimal	0.880331
iDK1463.xml	obj	G_ECOLIN_RS16480	optimal	0.880331
iDK1463.xml	obj	G_ECOLIN_RS16485	optimal	0.880331
iDK1463.xml	obj	G_ECOLIN_RS16490	optimal	0.880331
iDK1463.xml	obj	G_ECOLIN_RS17115	optimal	0.880331
iDK1463.xml	obj	G_ECOLIN_RS17120	optimal	0.880331
iDK1463.xml	obj	G_ECOLIN_RS17130	optimal	0.880331
iDK1463.xml	obj	G_ECOLIN_RS17135	optimal	0.880331
iDK1463.xml	obj	G_ECOLIN_RS17140	optimal	0.880331
iDK1463.xml	obj	G_ECOLIN_RS17215	optimal	0.880331
iDK1463.xml	obj	G_ECOLIN_RS17220	optimal	0.880331
iDK1463.xml	obj	G_ECOLIN_RS17225	optimal	0.880331
iDK1463.xml	obj	G_ECOLIN_RS17250	optimal	0.880331
iDK1463.xml	obj	G_ECOLIN_RS17255	optimal	0.880331
iDK1463.xml	obj	G_ECOLIN_RS17260	optimal	0.880331
iDK1463.xml	obj	G_ECOLIN_RS17265	optimal	0.880331
iDK1463.xml	obj	G_ECOLIN_RS17285	optimal	0.880331
iDK1463.xml	obj	G_ECOLIN_RS17295	optimal	0.880331
iDK1463.xml	obj	G_ECOLIN_RS17300	optimal	0.880331
iDK1463.xml	obj	G_ECOLIN_RS17305	optimal	0.880331
iDK1463.xml	obj	G_ECOLIN_RS17315	optimal	0.880331
iDK1463.xml	obj	G_ECOLIN_RS17335	optimal	0.880331
iDK1463.xml	obj	G_ECOLIN_RS17340	optimal	0.880331
iDK1463.xml	obj	G_ECOLIN_RS17400	optimal	0.0
iDK1463.xml	obj	G_ECOLIN_RS17450	optimal	0.880331
iDK1463.xml	obj	G_ECOLIN_RS17455	optimal	0.880331
iDK1463.xml	obj	G_ECOLIN_RS17500	optimal	0.880331
iDK1463.xml	obj	G_ECOLIN_RS17510	optimal	0.880331
iDK1463.xml	obj	G_ECOLIN_RS17515	optimal	0.880331
iDK1463.xml	obj	G_ECOLIN_RS17555	optimal	0.0
iDK1463.xml	obj	G_ECOLIN_RS17585	optimal	0.0
iDK1463.xml	obj	G_ECOLIN_RS17615	optimal	0.880331
iDK1463.xml	obj	G_ECOLIN_RS17655	optimal	0.880331
iDK1463.xml	obj	G_ECOLIN_RS17660	optimal	0.0
iDK1463.xml	obj	G_ECOLIN_RS17665	optimal	0.880331
iDK1463.xml	obj	G_ECOLIN_RS17675	optimal	0.880331
iDK1463.xml	obj	G_ECOLIN_RS17680	optimal	0.880331
iDK1463.xml	obj	G_ECOLIN_RS17685	optimal	0.880331
iDK1463.xml	obj	G_ECOLIN_RS17720	optimal	0.880331
iDK1463.xml	obj	G_ECOLIN_RS17735	optimal	0.880331
iDK1463.xml	obj	G_ECOLIN_RS17815	optimal	0.880331
iDK1463.xml	obj	G_ECOLIN_RS17825	optimal	0.880331
iDK1463.xml	obj	G_ECOLIN_RS17830	optimal	0.880331
iDK1463.xml	obj	G_ECOLIN_RS17835	optimal	0.880331
iDK1463.xml	obj	G_ECOLIN_RS17895	optimal	0.880331
iDK1463.xml	obj	G_ECOLIN_RS17915	optimal	0.880331
iDK1463.xml	obj	G_ECOLIN_RS17925	optimal	0.880331
iDK1463.xml	obj	G_ECOLIN_RS17930	optimal	0.880331
iDK1463.xml	obj	G_ECOLIN_RS17935	optimal	0.880331
iDK1463.xml	obj	G_ECOLIN_RS17940	optimal	0.880331
iDK1463.xml	obj	G_ECOLIN_RS17955	optimal	0.880331
iDK1463.xml	obj	G_ECOLIN_RS17960	optimal	0.880331
iDK1463.xml	obj	G_ECOLIN_RS17965	optimal	0.880331
iDK1463.xml	obj	G_ECOLIN_RS17970	optimal	0.880331
iDK1463.xml	obj	G_ECOLIN_RS17975	optimal	0.880331
iDK1463.xml	obj	G_ECOLIN_RS18025	optimal	0.880331
iDK1463.xml	obj	G_ECOLIN_RS18030	optimal	0.880331
iDK1463.xml	obj	G_ECOLIN_RS18035	optimal	0.880331
iDK1463.xml	obj	G_ECOLIN_RS18040	optimal	0.880331
iDK1463.xml	obj	G_ECOLIN_RS18045	optimal	0.880331
iDK1463.xml	obj	G_ECOLIN_RS18050	optimal	0.880331
iDK1463.xml	obj	G_ECOLIN_RS18060	optimal	0.880331
iDK1463.xml	obj	G_ECOLIN_RS18065	optimal	0.880331
iDK1463.xml	obj	G_ECOLIN_RS18070	optimal	0.880331
iDK1463.xml	obj	G_ECOLIN_RS18075	optimal	0.880331
iDK1463.xml	obj	G_ECOLIN_RS18080	optimal	0.880331
iDK1463.xml	obj	G_ECOLIN_RS18155	optimal	0.880331
iDK1463.xml	obj	G_ECOLIN_RS18275	optimal	0.0
iDK1463.xml	obj	G_ECOLIN_RS18295	optimal	0.0
iDK1463.xml	obj	G_ECOLIN_RS18300	optimal	0.0
iDK1463.xml	obj	G_ECOLIN_RS18325	optimal	0.880331
iDK1463.xml	obj	G_ECOLIN_RS18350	optimal	0.0
iDK1463.xml	obj	G_ECOLIN_RS18360	optimal	0.0
iDK1463.xml	obj	G_ECOLIN_RS18395	optimal	0.0
iDK1463.xml	obj	G_ECOLIN_RS18400	optimal	0.880331
iDK1463.xml	obj	G_ECOLIN_RS18405	optimal	0.0
iDK1463.xml	obj	G_ECOLIN_RS18410	optimal	0.0
iDK1463.xml	obj	G_ECOLIN_RS18415	optimal	0.0
iDK1463.xml	obj	G_ECOLIN_RS18420	optimal	0.0
iDK1463.xml	obj	G_ECOLIN_RS18455	optimal	0.880331
iDK1463.xml	obj	G_ECOLIN_RS18475	optimal	0.880331
iDK1463.xml	obj	G_ECOLIN_RS18480	optimal	0.880331
iDK1463.xml	obj	G_ECOLIN_RS18490	optimal	0.880331
iDK1463.xml	obj	G_ECOLIN_RS18495	optimal	0.880331
iDK1463.xml	obj	G_ECOLIN_RS18500	optimal	0.880331
iDK1463.xml	obj	G_ECOLIN_RS18505	optimal	0.880331
iDK1463.xml	obj	G_ECOLIN_RS18555	optimal	0.861736
iDK1463.xml	obj	G_ECOLIN_RS18575	optimal	0.880331
iDK1463.xml	obj	G_ECOLIN_RS18580	optimal	0.880331
iDK1463.xml	obj	G_ECOLIN_RS18610	optimal	0.880331
iDK1463.xml	obj	G_ECOLIN_RS18640	optimal	0.880331
iDK1463.xml	obj	G_ECOLIN_RS18660	optimal	0.0
iDK1463.xml	obj	G_ECOLIN_RS18715	optimal	0.880331
iDK1463.xml	obj	G_ECOLIN_RS18750	optimal	0.880331
iDK1463.xml	obj	G_ECOLIN_RS18755	optimal	0.880331
iDK1463.xml	obj	G_ECOLIN_RS18840	optimal	0.880331
iDK1463.xml	obj	G_ECOLIN_RS18870	optimal	0.880331
iDK1463.xml	obj	G_ECOLIN_RS18880	optimal	0.880331
iDK1463.xml	obj	G_ECOLIN_RS18885	optimal	0.880331
iDK1463.xml	obj	G_ECOLIN_RS19115	optimal	0.880331
iDK1463.xml	obj	G_ECOLIN_RS19190	optimal	0.880331
iDK1463.xml	obj	G_ECOLIN_RS19240	optimal	0.880331
iDK1463.xml	obj	G_ECOLIN_RS19245	optimal	0.0
iDK1463.xml	obj	G_ECOLIN_RS19270	optimal	0.880331
iDK1463.xml	obj	G_ECOLIN_RS19275	optimal	0.880331
iDK1463.xml	obj	G_ECOLIN_RS19280	optimal	0.880331
iDK1463.xml	obj	G_ECOLIN_RS19285	optimal	0.0
iDK1463.xml	obj	G_ECOLIN_RS19335	optimal	0.880331
iDK1463.xml	obj	G_ECOLIN_RS19340	optimal	0.880331
iDK1463.xml	obj	G_ECOLIN_RS19345	optimal	0.871189
iDK1463.xml	obj	G_ECOLIN_RS19360	optimal	0.0
iDK1463.xml	obj	G_ECOLIN_RS19365	optimal	0.880331
iDK1463.xml	obj	G_ECOLIN_RS19395	optimal	0.880331
iDK1463.xml	obj	G_ECOLIN_RS19400	optimal	0.880331
iDK1463.xml	obj	G_ECOLIN_RS19410	optimal	0.880331
iDK1463.xml	obj	G_ECOLIN_RS19435	optimal	0.880331
iDK1463.xml	obj	G_ECOLIN_RS19475	optimal	0.880331
iDK1463.xml	obj	G_ECOLIN_RS19490	optimal	0.0
iDK1463.xml	obj	G_ECOLIN_RS19505	optimal	0.880331
iDK1463.xml	obj	G_ECOLIN_RS19510	optimal	0.880331
iDK1463.xml	obj	G_ECOLIN_RS19515	optimal	0.880331
iDK1463.xml	obj	G_ECOLIN_RS19555	optimal	0.880331
iDK1463.xml	obj	G_ECOLIN_RS19620	optimal	0.880331
iDK1463.xml	obj	G_ECOLIN_RS19625	optimal	0.880331
iDK1463.xml	obj	G_ECOLIN_RS19630	optimal	0.880331
iDK1463.xml	obj	G_ECOLIN_RS19635	optimal	0.880331
iDK1463.xml	obj	G_ECOLIN_RS19640	optimal	0.880331
iDK1463.xml	obj	G_ECOLIN_RS19645	optimal	0.0
iDK1463.xml	obj	G_ECOLIN_RS19665	optimal	0.880331
iDK1463.xml	obj	G_ECOLIN_RS19670	optimal	0.880331
iDK1463.xml	obj	G_ECOLIN_RS19680	optimal	0.880331
iDK1463.xml	obj	G_ECOLIN_RS19715	optimal	0.880331
iDK1463.xml	obj	G_ECOLIN_RS19725	optimal	0.880331
iDK1463.xml	obj	G_ECOLIN_RS19730	optimal	0.880331
iDK1463.xml	obj	G_ECOLIN_RS19735	optimal	0.880331
iDK1463.xml	obj	G_ECOLIN_RS19740	optimal	0.880331
iDK1463.xml	obj	G_ECOLIN_RS19745	optimal	0.880331
iDK1463.xml	obj	G_ECOLIN_RS19755	optimal	0.880331
iDK1463.xml	obj	G_ECOLIN_RS19760	optimal	0.880331
iDK1463.xml	obj	G_ECOLIN_RS19765	optimal	0.880331
iDK1463.xml	obj	G_ECOLIN_RS19770	optimal	0.880331
iDK1463.xml	obj	G_ECOLIN_RS19775	optimal	0.880331
iDK1463.xml	obj	G_ECOLIN_RS19790	optimal	0.880331
iDK1463.xml	obj	G_ECOLIN_RS19835	optimal	0.880331
iDK1463.xml	obj	G_ECOLIN_RS19865	optimal	0.880331
iDK1463.xml	obj	G_ECOLIN_RS19870	optimal	0.880331
iDK1463.xml	obj	G_ECOLIN_RS19875	optimal	0.880331
iDK1463.xml	obj	G_ECOLIN_RS19890	optimal	0.880331
iDK1463.xml	obj	G_ECOLIN_RS19930	optimal	0.880331
iDK1463.xml	obj	G_ECOLIN_RS19960	optimal	0.880331
iDK1463.xml	obj	G_ECOLIN_RS19975	optimal	0.880331
iDK1463.xml	obj	G_ECOLIN_RS19995	optimal	0.880331
iDK1463.xml	obj	G_ECOLIN_RS20010	optimal	0.880331
iDK1463.xml	obj	G_ECOLIN_RS20120	optimal	0.880331
iDK1463.xml	obj	G_ECOLIN_RS20130	optimal	0.880331
iDK1463.xml	obj	G_ECOLIN_RS20160	optimal	0.880331
iDK1463.xml	obj	G_ECOLIN_RS20170	optimal	0.880331
iDK1463.xml	obj	G_ECOLIN_RS20180	optimal	0.880331
iDK1463.xml	obj	G_ECOLIN_RS20255	optimal	0.880331
iDK1463.xml	obj	G_ECOLIN_RS20260	optimal	0.880331
iDK1463.xml	obj	G_ECOLIN_RS20265	optimal	0.880331
iDK1463.xml	obj	G_ECOLIN_RS20270	optimal	0.880331
iDK1463.xml	obj	G_ECOLIN_RS20280	optimal	0.880331
iDK1463.xml	obj	G_ECOLIN_RS20295	optimal	0.880331
iDK1463.xml	obj	G_ECOLIN_RS20320	optimal	0.880331
iDK1463.xml	obj	G_ECOLIN_RS20330	optimal	0.880331
iDK1463.xml	obj	G_ECOLIN_RS20355	optimal	0.880331
iDK1463.xml	obj	G_ECOLIN_RS20360	optimal	0.880331
iDK1463.xml	obj	G_ECOLIN_RS20385	optimal	0.880331
iDK1463.xml	obj	G_ECOLIN_RS20390	optimal	0.880331
iDK1463.xml	obj	G_ECOLIN_RS20395	optimal	0.880331
iDK1463.xml	obj	G_ECOLIN_RS20400	optimal	0.880331
iDK1463.xml	obj	G_ECOLIN_RS20405	optimal	0.880331
iDK1463.xml	obj	G_ECOLIN_RS20420	optimal	0.880331
iDK1463.xml	obj	G_ECOLIN_RS20425	optimal	0.880331
iDK1463.xml	obj	G_ECOLIN_RS20445	optimal	0.880331
iDK1463.xml	obj	G_ECOLIN_RS20460	optimal	0.880331
iDK1463.xml	obj	G_ECOLIN_RS20465	optimal	0.880331
iDK1463.xml	obj	G_ECOLIN_RS20470	optimal	0.880331
iDK1463.xml	obj	G_ECOLIN_RS20475	optimal	0.880331
iDK1463.xml	obj	G_ECOLIN_RS20480	optimal	0.880331
iDK1463.xml	obj	G_ECOLIN_RS20485	optimal	0.880331
iDK1463.xml	obj	G_ECOLIN_RS20505	optimal	0.880331
iDK1463.xml	obj	G_ECOLIN_RS20510	optimal	0.880331
iDK1463.xml	obj	G_ECOLIN_RS20515	optimal	0.880331
iDK1463.xml	obj	G_ECOLIN_RS20535	optimal	0.880331
iDK1463.xml	obj	G_ECOLIN_RS20540	optimal	0.880331
iDK1463.xml	obj	G_ECOLIN_RS20570	optimal	0.880331
iDK1463.xml	obj	G_ECOLIN_RS20580	optimal	0.880331
iDK1463.xml	obj	G_ECOLIN_RS20590	optimal	0.0
iDK1463.xml	obj	G_ECOLIN_RS20595	optimal	0.879496
iDK1463.xml	obj	G_ECOLIN_RS20605	optimal	0.880331
iDK1463.xml	obj	G_ECOLIN_RS20615	optimal	0.880331
iDK1463.xml	obj	G_ECOLIN_RS20625	optimal	0.880331
iDK1463.xml	obj	G_ECOLIN_RS20635	optimal	0.880331
iDK1463.xml	obj	G_ECOLIN_RS20640	optimal	0.880331
iDK1463.xml	obj	G_ECOLIN_RS20645	optimal	0.880331
iDK1463.xml	obj	G_ECOLIN_RS20650	optimal	0.880331
iDK1463.xml	obj	G_ECOLIN_RS20655	optimal	0.880331
iDK1463.xml	obj	G_ECOLIN_RS20665	optimal	0.880331
iDK1463.xml	obj	G_ECOLIN_RS20670	optimal	0.880331
iDK1463.xml	obj	G_ECOLIN_RS20675	optimal	0.880331
iDK1463.xml	obj	G_ECOLIN_RS20680	optimal	0.880331
iDK1463.xml	obj	G_ECOLIN_RS20685	optimal	0.880331
iDK1463.xml	obj	G_ECOLIN_RS20690	optimal	0.880331
iDK1463.xml	obj	G_ECOLIN_RS20695	optimal	0.880331
iDK1463.xml	obj	G_ECOLIN_RS20700	optimal	0.880331
iDK1463.xml	obj	G_ECOLIN_RS20705	optimal	0.0
iDK1463.xml	obj	G_ECOLIN_RS20710	optimal	0.0
iDK1463.xml	obj	G_ECOLIN_RS20735	optimal	0.0
iDK1463.xml	obj	G_ECOLIN_RS20740	optimal	0.880331
iDK1463.xml	obj	G_ECOLIN_RS20750	optimal	0.0
iDK1463.xml	obj	G_ECOLIN_RS20780	optimal	0.0
iDK1463.xml	obj	G_ECOLIN_RS20790	optimal	0.880331
iDK1463.xml	obj	G_ECOLIN_RS20805	optimal	0.880331
iDK1463.xml	obj	G_ECOLIN_RS20810	optimal	0.880331
iDK1463.xml	obj	G_ECOLIN_RS20830	optimal	0.880331
iDK1463.xml	obj	G_ECOLIN_RS20860	optimal	0.880331
iDK1463.xml	obj	G_ECOLIN_RS21125	optimal	0.880331
iDK1463.xml	obj	G_ECOLIN_RS21135	optimal	0.880331
iDK1463.xml	obj	G_ECOLIN_RS21140	optimal	0.880331
iDK1463.xml	obj	G_ECOLIN_RS21145	optimal	0.880331
iDK1463.xml	obj	G_ECOLIN_RS21175	optimal	0.880331
iDK1463.xml	obj	G_ECOLIN_RS21180	optimal	0.880331
iDK1463.xml	obj	G_ECOLIN_RS21215	optimal	0.880331
iDK1463.xml	obj	G_ECOLIN_RS21260	optimal	0.880331
iDK1463.xml	obj	G_ECOLIN_RS21265	optimal	0.880331
iDK1463.xml	obj	G_ECOLIN_RS21275	optimal	0.880331
iDK1463.xml	obj	G_ECOLIN_RS21290	optimal	0.880331
iDK1463.xml	obj	G_ECOLIN_RS21355	optimal	0.879762
iDK1463.xml	obj	G_ECOLIN_RS21360	optimal	0.880331
iDK1463.xml	obj	G_ECOLIN_RS21380	optimal	0.880331
iDK1463.xml	obj	G_ECOLIN_RS21385	optimal	0.880331
iDK1463.xml	obj	G_ECOLIN_RS21390	optimal	0.880331
iDK1463.xml	obj	G_ECOLIN_RS21415	optimal	0.880331
iDK1463.xml	obj	G_ECOLIN_RS21420	optimal	0.880331
iDK1463.xml	obj	G_ECOLIN_RS21435	optimal	0.880331
iDK1463.xml	obj	G_ECOLIN_RS21440	optimal	0.880331
iDK1463.xml	obj	G_ECOLIN_RS21445	optimal	0.880331
iDK1463.xml	obj	G_ECOLIN_RS21450	optimal	0.880331
iDK1463.xml	obj	G_ECOLIN_RS21455	optimal	0.0
iDK1463.xml	obj	G_ECOLIN_RS21460	optimal	0.0
iDK1463.xml	obj	G_ECOLIN_RS21470	optimal	0.313876
iDK1463.xml	obj	G_ECOLIN_RS21475	optimal	0.313876
iDK1463.xml	obj	G_ECOLIN_RS21480	optimal	0.313876
iDK1463.xml	obj	G_ECOLIN_RS21485	optimal	0.313876
iDK1463.xml	obj	G_ECOLIN_RS21490	optimal	0.313876
iDK1463.xml	obj	G_ECOLIN_RS21495	optimal	0.313876
iDK1463.xml	obj	G_ECOLIN_RS21500	optimal	0.313876
iDK1463.xml	obj	G_ECOLIN_RS21505	optimal	0.880331
iDK1463.xml	obj	G_ECOLIN_RS21530	optimal	0.880331
iDK1463.xml	obj	G_ECOLIN_RS21545	optimal	0.880331
iDK1463.xml	obj	G_ECOLIN_RS21550	optimal	0.880331
iDK1463.xml	obj	G_ECOLIN_RS21555	optimal	0.880331
iDK1463.xml	obj	G_ECOLIN_RS21560	optimal	0.880331
iDK1463.xml	obj	G_ECOLIN_RS21565	optimal	0.880331
iDK1463.xml	obj	G_ECOLIN_RS21570	optimal	0.880331
iDK1463.xml	obj	G_ECOLIN_RS21660	optimal	0.0
iDK1463.xml	obj	G_ECOLIN_RS21665	optimal	0.0
iDK1463.xml	obj	G_ECOLIN_RS21670	optimal	0.880331
iDK1463.xml	obj	G_ECOLIN_RS21680	optimal	0.0
iDK1463.xml	obj	G_ECOLIN_RS21695	optimal	0.880331
iDK1463.xml	obj	G_ECOLIN_RS21705	optimal	0.880331
iDK1463.xml	obj	G_ECOLIN_RS21725	optimal	0.880331
iDK1463.xml	obj	G_ECOLIN_RS21730	optimal	0.880331
iDK1463.xml	obj	G_ECOLIN_RS21735	optimal	0.880331
iDK1463.xml	obj	G_ECOLIN_RS21740	optimal	0.880331
iDK1463.xml	obj	G_ECOLIN_RS21745	optimal	0.880331
iDK1463.xml	obj	G_ECOLIN_RS21750	optimal	0.880331
iDK1463.xml	obj	G_ECOLIN_RS21755	optimal	0.880331
iDK1463.xml	obj	G_ECOLIN_RS21760	optimal	0.880331
iDK1463.xml	obj	G_ECOLIN_RS21765	optimal	0.880331
iDK1463.xml	obj	G_ECOLIN_RS21770	optimal	0.880331
iDK1463.xml	obj	G_ECOLIN_RS21775	optimal	0.880331
iDK1463.xml	obj	G_ECOLIN_RS21780	optimal	0.880331
iDK1463.xml	obj	G_ECOLIN_RS21830	optimal	0.0
iDK1463.xml	obj	G_ECOLIN_RS21835	optimal	0.0
iDK1463.xml	obj	G_ECOLIN_RS21840	optimal	0.880331
iDK1463.xml	obj	G_ECOLIN_RS21865	optimal	0.0
iDK1463.xml	obj	G_ECOLIN_RS21880	optimal	0.880331
iDK1463.xml	obj	G_ECOLIN_RS21905	optimal	0.880328
iDK1463.xml	obj	G_ECOLIN_RS21930	optimal	0.880331
iDK1463.xml	obj	G_ECOLIN_RS21940	optimal	0.880331
iDK1463.xml	obj	G_ECOLIN_RS21945	optimal	0.880331
iDK1463.xml	obj	G_ECOLIN_RS21960	optimal	0.880331
iDK1463.xml	obj	G_ECOLIN_RS21965	optimal	0.880331
iDK1463.xml	obj	G_ECOLIN_RS21980	optimal	0.880331
iDK1463.xml	obj	G_ECOLIN_RS22005	optimal	0.880331
iDK1463.xml	obj	G_ECOLIN_RS22075	optimal	0.880331
iDK1463.xml	obj	G_ECOLIN_RS22095	optimal	0.880331
iDK1463.xml	obj	G_ECOLIN_RS22115	optimal	0.880331
iDK1463.xml	obj	G_ECOLIN_RS22125	optimal	0.88033
iDK1463.xml	obj	G_ECOLIN_RS22155	optimal	0.0
iDK1463.xml	obj	G_ECOLIN_RS22160	optimal	0.880331
iDK1463.xml	obj	G_ECOLIN_RS22165	optimal	0.880331
iDK1463.xml	obj	G_ECOLIN_RS22185	optimal	0.880331
iDK1463.xml	obj	G_ECOLIN_RS22195	optimal	0.880331
iDK1463.xml	obj	G_ECOLIN_RS22200	optimal	0.0
iDK1463.xml	obj	G_ECOLIN_RS22230	optimal	0.880331
iDK1463.xml	obj	G_ECOLIN_RS22235	optimal	0.880331
iDK1463.xml	obj	G_ECOLIN_RS22250	optimal	0.880331
iDK1463.xml	obj	G_ECOLIN_RS22285	optimal	0.880331
iDK1463.xml	obj	G_ECOLIN_RS22305	optimal	0.0
iDK1463.xml	obj	G_ECOLIN_RS22340	optimal	0.880331
iDK1463.xml	obj	G_ECOLIN_RS22345	optimal	0.880331
iDK1463.xml	obj	G_ECOLIN_RS22350	optimal	0.880331
iDK1463.xml	obj	G_ECOLIN_RS22375	optimal	0.880331
iDK1463.xml	obj	G_ECOLIN_RS22440	optimal	0.880331
iDK1463.xml	obj	G_ECOLIN_RS22445	optimal	0.880331
iDK1463.xml	obj	G_ECOLIN_RS22450	optimal	0.880331
iDK1463.xml	obj	G_ECOLIN_RS22480	optimal	0.880331
iDK1463.xml	obj	G_ECOLIN_RS22485	optimal	0.880331
iDK1463.xml	obj	G_ECOLIN_RS22490	optimal	0.880331
iDK1463.xml	obj	G_ECOLIN_RS22510	optimal	0.880331
iDK1463.xml	obj	G_ECOLIN_RS22515	optimal	0.880331
iDK1463.xml	obj	G_ECOLIN_RS22525	optimal	0.880331
iDK1463.xml	obj	G_ECOLIN_RS22550	optimal	0.880331
iDK1463.xml	obj	G_ECOLIN_RS22555	optimal	0.880331
iDK1463.xml	obj	G_ECOLIN_RS22565	optimal	0.880331
iDK1463.xml	obj	G_ECOLIN_RS22570	optimal	0.880331
iDK1463.xml	obj	G_ECOLIN_RS22575	optimal	0.801593
iDK1463.xml	obj	G_ECOLIN_RS22600	optimal	0.880331
iDK1463.xml	obj	G_ECOLIN_RS22605	optimal	0.880331
iDK1463.xml	obj	G_ECOLIN_RS22610	optimal	0.880331
iDK1463.xml	obj	G_ECOLIN_RS22615	optimal	0.880331
iDK1463.xml	obj	G_ECOLIN_RS22630	optimal	0.880331
iDK1463.xml	obj	G_ECOLIN_RS22725	optimal	0.0
iDK1463.xml	obj	G_ECOLIN_RS22730	optimal	0.880331
iDK1463.xml	obj	G_ECOLIN_RS22740	optimal	0.880331
iDK1463.xml	obj	G_ECOLIN_RS22745	optimal	0.880331
iDK1463.xml	obj	G_ECOLIN_RS22755	optimal	0.880331
iDK1463.xml	obj	G_ECOLIN_RS22760	optimal	0.0
iDK1463.xml	obj	G_ECOLIN_RS22765	optimal	0.880331
iDK1463.xml	obj	G_ECOLIN_RS22770	optimal	0.880331
iDK1463.xml	obj	G_ECOLIN_RS22785	optimal	0.880331
iDK1463.xml	obj	G_ECOLIN_RS22790	optimal	0.880331
iDK1463.xml	obj	G_ECOLIN_RS22810	optimal	0.880331
iDK1463.xml	obj	G_ECOLIN_RS22815	optimal	0.880331
iDK1463.xml	obj	G_ECOLIN_RS22835	optimal	0.874441
iDK1463.xml	obj	G_ECOLIN_RS22840	optimal	0.0
iDK1463.xml	obj	G_ECOLIN_RS22845	optimal	0.0
iDK1463.xml	obj	G_ECOLIN_RS22850	optimal	0.0
iDK1463.xml	obj	G_ECOLIN_RS22855	optimal	0.0
iDK1463.xml	obj	G_ECOLIN_RS22875	optimal	0.880331
iDK1463.xml	obj	G_ECOLIN_RS22905	optimal	0.880331
iDK1463.xml	obj	G_ECOLIN_RS22910	optimal	0.0
iDK1463.xml	obj	G_ECOLIN_RS22930	optimal	0.0
iDK1463.xml	obj	G_ECOLIN_RS22940	optimal	0.0
iDK1463.xml	obj	G_ECOLIN_RS23015	optimal	0.0
iDK1463.xml	obj	G_ECOLIN_RS23020	optimal	0.0
iDK1463.xml	obj	G_ECOLIN_RS23025	optimal	0.0
iDK1463.xml	obj	G_ECOLIN_RS23030	optimal	0.0
iDK1463.xml	obj	G_ECOLIN_RS23035	optimal	0.0
iDK1463.xml	obj	G_ECOLIN_RS23040	optimal	0.0
iDK1463.xml	obj	G_ECOLIN_RS23050	optimal	0.880331
iDK1463.xml	obj	G_ECOLIN_RS23055	optimal	0.0
iDK1463.xml	obj	G_ECOLIN_RS23095	optimal	0.0
iDK1463.xml	obj	G_ECOLIN_RS23100	optimal	0.0
iDK1463.xml	obj	G_ECOLIN_RS23160	optimal	0.880331
iDK1463.xml	obj	G_ECOLIN_RS23175	optimal	0.880331
iDK1463.xml	obj	G_ECOLIN_RS23190	optimal	0.880331
iDK1463.xml	obj	G_ECOLIN_RS23195	optimal	0.880331
iDK1463.xml	obj	G_ECOLIN_RS23200	optimal	0.880331
iDK1463.xml	obj	G_ECOLIN_RS23205	optimal	0.880331
iDK1463.xml	obj	G_ECOLIN_RS23210	optimal	0.880331
iDK1463.xml	obj	G_ECOLIN_RS23215	optimal	0.880331
iDK1463.xml	obj	G_ECOLIN_RS23235	optimal	0.880331
iDK1463.xml	obj	G_ECOLIN_RS23240	optimal	0.865323
iDK1463.xml	obj	G_ECOLIN_RS23280	optimal	0.880331
iDK1463.xml	obj	G_ECOLIN_RS23285	optimal	0.880331
iDK1463.xml	obj	G_ECOLIN_RS23290	optimal	0.880331
iDK1463.xml	obj	G_ECOLIN_RS23300	optimal	0.880331
iDK1463.xml	obj	G_ECOLIN_RS23305	optimal	0.880331
iDK1463.xml	obj	G_ECOLIN_RS23315	optimal	0.880331
iDK1463.xml	obj	G_ECOLIN_RS23320	optimal	0.0
iDK1463.xml	obj	G_ECOLIN_RS23325	optimal	0.880331
iDK1463.xml	obj	G_ECOLIN_RS23330	optimal	0.880331
iDK1463.xml	obj	G_ECOLIN_RS23380	optimal	0.880331
iDK1463.xml	obj	G_ECOLIN_RS23405	optimal	0.880331
iDK1463.xml	obj	G_ECOLIN_RS23420	optimal	0.880331
iDK1463.xml	obj	G_ECOLIN_RS23425	optimal	0.880331
iDK1463.xml	obj	G_ECOLIN_RS23430	optimal	0.880331
iDK1463.xml	obj	G_ECOLIN_RS23435	optimal	0.880331
iDK1463.xml	obj	G_ECOLIN_RS23440	optimal	0.880331
iDK1463.xml	obj	G_ECOLIN_RS23445	optimal	0.880331
iDK1463.xml	obj	G_ECOLIN_RS23455	optimal	0.880331
iDK1463.xml	obj	G_ECOLIN_RS23470	optimal	0.880331
iDK1463.xml	obj	G_ECOLIN_RS23515	optimal	0.880331
iDK1463.xml	obj	G_ECOLIN_RS23540	optimal	0.880331
iDK1463.xml	obj	G_ECOLIN_RS23550	optimal	0.880331
iDK1463.xml	obj	G_ECOLIN_RS23555	optimal	0.880331
iDK1463.xml	obj	G_ECOLIN_RS23560	optimal	0.880331
iDK1463.xml	obj	G_ECOLIN_RS23565	optimal	0.880331
iDK1463.xml	obj	G_ECOLIN_RS23570	optimal	0.880331
iDK1463.xml	obj	G_ECOLIN_RS23590	optimal	0.880331
iDK1463.xml	obj	G_ECOLIN_RS23625	optimal	0.880331
iDK1463.xml	obj	G_ECOLIN_RS23660	optimal	0.880331
iDK1463.xml	obj	G_ECOLIN_RS23665	optimal	0.880331
iDK1463.xml	obj	G_ECOLIN_RS23670	optimal	0.880331
iDK1463.xml	obj	G_ECOLIN_RS23675	optimal	0.880331
iDK1463.xml	obj	G_ECOLIN_RS23680	optimal	0.880331
iDK1463.xml	obj	G_ECOLIN_RS23690	optimal	0.880331
iDK1463.xml	obj	G_ECOLIN_RS23700	optimal	0.880331
iDK1463.xml	obj	G_ECOLIN_RS23705	optimal	0.880331
iDK1463.xml	obj	G_ECOLIN_RS23710	optimal	0.880331
iDK1463.xml	obj	G_ECOLIN_RS23715	optimal	0.880331
iDK1463.xml	obj	G_ECOLIN_RS23720	optimal	0.880331
iDK1463.xml	obj	G_ECOLIN_RS23730	optimal	0.880331
iDK1463.xml	obj	G_ECOLIN_RS23735	optimal	0.880331
iDK1463.xml	obj	G_ECOLIN_RS23740	optimal	0.880331
iDK1463.xml	obj	G_ECOLIN_RS23745	optimal	0.880331
iDK1463.xml	obj	G_ECOLIN_RS23755	optimal	0.880331
iDK1463.xml	obj	G_ECOLIN_RS23760	optimal	0.880331
iDK1463.xml	obj	G_ECOLIN_RS23765	optimal	0.880331
iDK1463.xml	obj	G_ECOLIN_RS23790	optimal	0.880331
iDK1463.xml	obj	G_ECOLIN_RS23815	optimal	0.880331
iDK1463.xml	obj	G_ECOLIN_RS23825	optimal	0.880331
iDK1463.xml	obj	G_ECOLIN_RS23840	optimal	0.880331
iDK1463.xml	obj	G_ECOLIN_RS23850	optimal	0.880331
iDK1463.xml	obj	G_ECOLIN_RS23855	optimal	0.880331
iDK1463.xml	obj	G_ECOLIN_RS23895	optimal	0.880331
iDK1463.xml	obj	G_ECOLIN_RS23900	optimal	0.880331
iDK1463.xml	obj	G_ECOLIN_RS23905	optimal	0.880331
iDK1463.xml	obj	G_ECOLIN_RS23910	optimal	0.880331
iDK1463.xml	obj	G_ECOLIN_RS24030	optimal	0.880331
iDK1463.xml	obj	G_ECOLIN_RS24040	optimal	0.880331
iDK1463.xml	obj	G_ECOLIN_RS24045	optimal	0.880331
iDK1463.xml	obj	G_ECOLIN_RS24055	optimal	0.880331
iDK1463.xml	obj	G_ECOLIN_RS24080	optimal	0.880331
iDK1463.xml	obj	G_ECOLIN_RS24135	optimal	0.880331
iDK1463.xml	obj	G_ECOLIN_RS24140	optimal	0.880331
iDK1463.xml	obj	G_ECOLIN_RS24150	optimal	0.880331
iDK1463.xml	obj	G_ECOLIN_RS24165	optimal	0.880331
iDK1463.xml	obj	G_ECOLIN_RS24170	optimal	0.0
iDK1463.xml	obj	G_ECOLIN_RS24175	optimal	0.880331
iDK1463.xml	obj	G_ECOLIN_RS24205	optimal	0.880331
iDK1463.xml	obj	G_ECOLIN_RS24215	optimal	0.880331
iDK1463.xml	obj	G_ECOLIN_RS24235	optimal	0.880331
iDK1463.xml	obj	G_ECOLIN_RS24255	optimal	0.0
iDK1463.xml	obj	G_ECOLIN_RS24330	optimal	0.880331
iDK1463.xml	obj	G_ECOLIN_RS24335	optimal	0.880331
iDK1463.xml	obj	G_ECOLIN_RS24340	optimal	0.880331
iDK1463.xml	obj	G_ECOLIN_RS24345	optimal	0.880331
iDK1463.xml	obj	G_ECOLIN_RS24350	optimal	0.880331
iDK1463.xml	obj	G_ECOLIN_RS24355	optimal	0.880331
iDK1463.xml	obj	G_ECOLIN_RS24360	optimal	0.880331
iDK1463.xml	obj	G_ECOLIN_RS24420	optimal	0.880331
iDK1463.xml	obj	G_ECOLIN_RS24450	optimal	0.880164
iDK1463.xml	obj	G_ECOLIN_RS24455	optimal	0.880331
iDK1463.xml	obj	G_ECOLIN_RS24475	optimal	0.880331
iDK1463.xml	obj	G_ECOLIN_RS24480	optimal	0.0
iDK1463.xml	obj	G_ECOLIN_RS24500	optimal	0.880331
iDK1463.xml	obj	G_ECOLIN_RS24530	optimal	0.880331
iDK1463.xml	obj	G_ECOLIN_RS24535	optimal	0.880331
iDK1463.xml	obj	G_ECOLIN_RS24540	optimal	0.880331
iDK1463.xml	obj	G_ECOLIN_RS24545	optimal	0.880331
iDK1463.xml	obj	G_ECOLIN_RS24550	optimal	0.880331
iDK1463.xml	obj	G_ECOLIN_RS24555	optimal	0.880331
iDK1463.xml	obj	G_ECOLIN_RS24560	optimal	0.880331
iDK1463.xml	obj	G_ECOLIN_RS24580	optimal	0.880331
iDK1463.xml	obj	G_ECOLIN_RS24585	optimal	0.880118
iDK1463.xml	obj	G_ECOLIN_RS24595	optimal	0.880331
iDK1463.xml	obj	G_ECOLIN_RS24600	optimal	0.880331
iDK1463.xml	obj	G_ECOLIN_RS24610	optimal	0.880331
iDK1463.xml	obj	G_ECOLIN_RS24620	optimal	0.880331
iDK1463.xml	obj	G_ECOLIN_RS24625	optimal	0.0
iDK1463.xml	obj	G_ECOLIN_RS24655	optimal	0.880331
iDK1463.xml	obj	G_ECOLIN_RS24665	optimal	0.0
iDK1463.xml	obj	G_ECOLIN_RS24685	optimal	0.880331
iDK1463.xml	obj	G_ECOLIN_RS24695	optimal	0.880331
iDK1463.xml	obj	G_ECOLIN_RS24700	optimal	0.0
iDK1463.xml	obj	G_ECOLIN_RS24705	optimal	0.0
iDK1463.xml	obj	G_ECOLIN_RS24715	optimal	0.880331
iDK1463.xml	obj	G_ECOLIN_RS24735	optimal	0.880331
iDK1463.xml	obj	G_ECOLIN_RS24835	optimal	0.880331
iDK1463.xml	obj	G_ECOLIN_RS24840	optimal	0.880331
iDK1463.xml	obj	G_ECOLIN_RS24925	optimal	0.880331
iDK1463.xml	obj	G_ECOLIN_RS24935	optimal	0.880331
iDK1463.xml	obj	G_ECOLIN_RS24980	optimal	0.880331
iDK1463.xml	obj	G_ECOLIN_RS25005	optimal	0.880331
iDK1463.xml	obj	G_ECOLIN_RS25015	optimal	0.880331
iDK1463.xml	obj	G_ECOLIN_RS25060	optimal	0.880331
iDK1463.xml	obj	G_ECOLIN_RS25105	optimal	0.880331
iDK1463.xml	obj	G_ECOLIN_RS25150	optimal	0.880331
iDK1463.xml	obj	G_ECOLIN_RS25155	optimal	0.880331
iDK1463.xml	obj	G_ECOLIN_RS25160	optimal	0.880325
iDK1463.xml	obj	G_ECOLIN_RS25165	optimal	0.880325
iDK1463.xml	obj	G_ECOLIN_RS25185	optimal	0.847929
iDK1463.xml	obj	G_ECOLIN_RS25195	optimal	0.880331
iDK1463.xml	obj	G_ECOLIN_RS25210	optimal	0.880331
iDK1463.xml	obj	G_ECOLIN_RS25220	optimal	0.880331
iDK1463.xml	obj	G_ECOLIN_RS25495	optimal	0.880331
iDK1463.xml	obj	G_ECOLIN_RS25510	optimal	0.880331
iDK1463.xml	obj	G_ECOLIN_RS25515	optimal	0.0
iDK1463.xml	obj	G_ECOLIN_RS25565	optimal	0.880331
iDK1463.xml	obj	G_ECOLIN_RS25570	optimal	0.880331
iDK1463.xml	obj	G_ECOLIN_RS25760	optimal	0.880331
iDK1463.xml	obj	G_ECOLIN_RS25765	optimal	0.880331
iDK1463.xml	obj	G_ECOLIN_RS25770	optimal	0.880331
iDK1463.xml	obj	G_ECOLIN_RS25775	optimal	0.880331
iDK1463.xml	obj	G_ECOLIN_RS25780	optimal	0.880331
iDK1463.xml	obj	G_ECOLIN_RS25840	optimal	0.880331
iDK1463.xml	obj	G_ECOLIN_RS25845	optimal	0.880331
iDK1463.xml	obj	G_ECOLIN_RS25860	optimal	0.313876
iDK1463.xml	obj	G_ECOLIN_RS25965	optimal	0.880331
iDK1463.xml	obj	G_ECOLIN_RS25970	optimal	0.874345
iDK1463.xml	obj	G_ECOLIN_RS26045	optimal	0.880331
iDK1463.xml	obj	G_ECOLIN_RS26055	optimal	0.0
iDK1463.xml	obj	G_ECOLIN_RS26145	optimal	0.880331
iDK1463.xml	obj	G_ECOLIN_RS26150	optimal	0.880331
iDK1463.xml	obj	G_ECOLIN_RS26280	optimal	0.880331
iDK1463.xml	obj	G_ECOLIN_RS26450	optimal	0.880331
iDK1463.xml	obj	G_ECOLIN_RS26455	optimal	0.880331
iDK1463.xml	obj	G_ECOLIN_RS26480	optimal	0.880331
iDK1463.xml	obj	G_ECOLIN_RS26485	optimal	0.880331
iDK1463.xml	obj	G_ECOLIN_RS26555	optimal	0.880331
iDK1463.xml	obj	G_ECOLIN_RS26560	optimal	0.880331
iDK1463.xml	obj	G_ECOLIN_RS26620	optimal	0.0
iDK1463.xml	obj	G_ECOLIN_RS26745	optimal	0.880331
iDK1463.xml	obj	G_ECOLIN_RS26785	optimal	0.880331
iDK1463.xml	obj	G_ECOLIN_RS26870	optimal	0.880331
iDK1463.xml	obj	G_ECOLIN_RS26965	optimal	0.880331
iDK1463.xml	obj	G_ECOLIN_RS26970	optimal	0.880331
iDK1463.xml	obj	G_ECOLIN_RS26995	optimal	0.880331
iDK1463.xml	obj	G_ECOLIN_RS27000	optimal	0.880331
iDK1463.xml	obj	G_ECOLIN_RS27005	optimal	0.880331
iDK1463.xml	obj	G_ECOLIN_RS27195	optimal	0.880331
iDK1463.xml	obj	G_ECOLIN_RS31465	optimal	0.880331
iDK1463.xml	obj	G_ECOLIN_RS31805	optimal	0.880331
iDK1463.xml	obj	G_s0001	optimal	0.0
