model	objective	reaction	flux	status	minimum	maximum	fraction_optimum
./iJR904.xml	obj	R_12PPDt	0.0	optimal	0.0	0.0	1.0
./iJR904.xml	obj	R_2DGLCNRx	0.0	optimal	0.0	0.0	1.0
./iJR904.xml	obj	R_2DGLCNRy	0.0	optimal	0.0	0.0	1.0
./iJR904.xml	obj	R_2DGULRx	0.0	optimal	0.0	0.0	1.0
./iJR904.xml	obj	R_2DGULRy	0.0	optimal	0.0	0.0	1.0
./iJR904.xml	obj	R_3HCINNMH	0.0	optimal	0.0	0.0	1.0
./iJR904.xml	obj	R_3HPPPNH	0.0	optimal	0.0	0.0	1.0
./iJR904.xml	obj	R_4HTHRS	0.0	optimal	0.0	-8.062844881238649e-10	1.0
./iJR904.xml	obj	R_5DGLCNR	0.0	optimal	-5.122566815174406e-14	0.0	1.0
./iJR904.xml	obj	R_A5PISO	0.038721819992119544	optimal	0.0387218199921196	0.038721819992053555	1.0
./iJR904.xml	obj	R_AACPS1	0.0	optimal	0.0	-8.151610145986347e-11	1.0
./iJR904.xml	obj	R_AACPS2	0.0	optimal	0.0	-2.1018839757377057e-10	1.0
./iJR904.xml	obj	R_AACPS3	0.0	optimal	0.0	-1.5456853265206505e-10	1.0
./iJR904.xml	obj	R_AACPS4	0.0	optimal	0.0	-3.005499246012377e-11	1.0
./iJR904.xml	obj	R_AACPS5	0.0	optimal	0.0	-2.1467851757231258e-10	1.0
./iJR904.xml	obj	R_AADDGT	0.0	optimal	0.0	-3.213838540774909e-12	1.0
./iJR904.xml	obj	R_AB6PGH	0.0	optimal	0.0	0.0	1.0
./iJR904.xml	obj	R_ABTA	0.0	optimal	0.0	-1.1464845237580897e-08	1.0
./iJR904.xml	obj	R_ABUTD	0.0	optimal	0.0	-2.961751686375026e-09	1.0
./iJR904.xml	obj	R_ABUTt2r	0.0	optimal	0.0	999999.0	1.0
./iJR904.xml	obj	R_ACACCT	0.0	optimal	0.0	0.0	1.0
./iJR904.xml	obj	R_ACACT1r	0.0	optimal	0.0	-7.594235093269148e-10	1.0
./iJR904.xml	obj	R_ACACt2	0.0	optimal	0.0	0.0	1.0
./iJR904.xml	obj	R_ACALD	0.0	optimal	0.0	-5.0057774980988e-09	1.0
./iJR904.xml	obj	R_ACALDt	0.0	optimal	-9.979026263326763e-14	0.0	1.0
./iJR904.xml	obj	R_ACBIPGT	0.0	optimal	0.0	0.0	1.0
./iJR904.xml	obj	R_ACCOAC	2.1267378803371786	optimal	2.1267378803371826	2.1267378721242722	1.0
./iJR904.xml	obj	R_ACCOAL	0.0	optimal	0.0	999999.0	1.0
./iJR904.xml	obj	R_ACGAMT	0.0	optimal	0.0	-3.050836100509905e-11	1.0
./iJR904.xml	obj	R_ACGApts	0.0	optimal	-3.518246438993411e-14	0.0	1.0
./iJR904.xml	obj	R_ACGK	0.29778923470130036	optimal	0.2977892347013006	0.2977892236108108	1.0
./iJR904.xml	obj	R_ACGS	0.29778923470130036	optimal	0.2977892347013006	0.2977892236108108	1.0
./iJR904.xml	obj	R_ACHBS	0.2544576742339285	optimal	0.25445767423392873	0.25445767383858625	1.0
./iJR904.xml	obj	R_ACKr	0.5281462637825146	optimal	0.5281462637815539	0.5281462527044627	1.0
./iJR904.xml	obj	R_ACLS	0.765271313829496	optimal	0.7652713138294943	0.765271313290837	1.0
./iJR904.xml	obj	R_ACMAMUT	0.0	optimal	0.0	-3.050836100509905e-11	1.0
./iJR904.xml	obj	R_ACMANApts	0.0	optimal	-3.518246438993411e-14	0.0	1.0
./iJR904.xml	obj	R_ACNAMt2	0.0	optimal	-2.7325214163448107e-14	0.0	1.0
./iJR904.xml	obj	R_ACNML	0.0	optimal	-2.7325214163448107e-14	0.0	1.0
./iJR904.xml	obj	R_ACOATA	0.0	optimal	-9.604812778451987e-13	0.29622192227327787	1.0
./iJR904.xml	obj	R_ACODA	0.29778923470130036	optimal	0.2977892347013006	0.2977892236108108	1.0
./iJR904.xml	obj	R_ACONMT	0.0	optimal	0.0	0.0	1.0
./iJR904.xml	obj	R_ACONT	5.046147604918771	optimal	5.046147604918003	5.046147578468997	1.0
./iJR904.xml	obj	R_ACOTA	-0.29778923470130036	optimal	-0.29778923470226104	-0.2977892347173797	1.0
./iJR904.xml	obj	R_ACPS1	0.0	optimal	0.0	0.0	1.0
./iJR904.xml	obj	R_ACS	0.0	optimal	0.0	-1.1699979207691023e-09	1.0
./iJR904.xml	obj	R_ACt2r	0.0	optimal	-1.7952921081218708e-13	0.0	1.0
./iJR904.xml	obj	R_ADA	0.0	optimal	0.0	-9.551003434849812e-10	1.0
./iJR904.xml	obj	R_ADCL	0.046097404752523316	optimal	0.04609740475252335	0.04609740475225285	1.0
./iJR904.xml	obj	R_ADCS	0.046097404752523316	optimal	0.04609740475252335	0.04609740475225285	1.0
./iJR904.xml	obj	R_ADD	0.0	optimal	0.0	-9.551003434849812e-10	1.0
./iJR904.xml	obj	R_ADEt2	0.0	optimal	-5.075198297728926e-14	0.0	1.0
./iJR904.xml	obj	R_ADHEr	0.0	optimal	0.0	-1.2857120008451715e-10	1.0
./iJR904.xml	obj	R_ADK1	2.1292354377266864	optimal	-999996.1557311221	999999.0	1.0
./iJR904.xml	obj	R_ADK3	0.0	optimal	-999996.8707645625	999998.2849665598	1.0
./iJR904.xml	obj	R_ADK4	0.0	optimal	0.0	0.0	1.0
./iJR904.xml	obj	R_ADMDC	0.006453636665353258	optimal	0.006453636665353267	0.006453636854488634	1.0
./iJR904.xml	obj	R_ADNCYC	0.0	optimal	0.0	0.0	1.0
./iJR904.xml	obj	R_ADNK1	0.006453636665353258	optimal	0.0064536320223867695	0.4831008098537427	1.0
./iJR904.xml	obj	R_ADNt2_copy1	0.0	optimal	0.0	999999.0	1.0
./iJR904.xml	obj	R_ADNt2_copy2	0.0	optimal	-999999.0	0.0	1.0
./iJR904.xml	obj	R_ADOCBIK	0.0	optimal	0.0	0.0	1.0
./iJR904.xml	obj	R_ADOCBLS	0.0	optimal	0.0	0.0	1.0
./iJR904.xml	obj	R_ADPT	0.0	optimal	0.0	8.038253485054246e-09	1.0
./iJR904.xml	obj	R_ADSK	0.214868301084368	optimal	0.21486830108436636	0.21486830147731975	1.0
./iJR904.xml	obj	R_ADSL1r	0.2669030515690216	optimal	0.2669030514525772	0.26690305809013715	1.0
./iJR904.xml	obj	R_ADSL2r	0.4406072921574799	optimal	0.44060729204103577	0.44060729257930975	1.0
./iJR904.xml	obj	R_ADSS	0.2669030515690216	optimal	0.2669030514525772	0.26690305809013715	1.0
./iJR904.xml	obj	R_AGDC	0.0	optimal	-1.702901641401591e-10	0.0	1.0
./iJR904.xml	obj	R_AGMHE	0.023233091995271727	optimal	0.023233091995271765	0.023233091996208304	1.0
./iJR904.xml	obj	R_AGMT	0.0	optimal	0.0	2.1579203986722792e-09	1.0
./iJR904.xml	obj	R_AGPR	-0.29778923470130036	optimal	-0.2977892393502223	-0.29778923470130036	1.0
./iJR904.xml	obj	R_AHCYSNS	0.0	optimal	0.0	0.0	1.0
./iJR904.xml	obj	R_AHCi	0.0	optimal	-9.655080957479413e-11	0.0	1.0
./iJR904.xml	obj	R_AICART	0.5235826207120218	optimal	0.5235826205955799	0.5235826211338517	1.0
./iJR904.xml	obj	R_AIRC2	0.4406072921574799	optimal	0.4406072920410379	0.44060729257930975	1.0
./iJR904.xml	obj	R_AIRC3	-0.4406072921574799	optimal	-0.4406072923113219	-0.44060729211197014	1.0
./iJR904.xml	obj	R_AKGDH	4.022232050555724	optimal	4.0222320261806646	4.022232069633901	1.0
./iJR904.xml	obj	R_AKGt2r	0.0	optimal	-3.387192335902617e-10	0.0	1.0
./iJR904.xml	obj	R_ALAALAr	0.025445767423392846	optimal	0.025445767423392895	0.025445767424418623	1.0
./iJR904.xml	obj	R_ALAR_copy1	0.05089153484678569	optimal	-999998.9491084651	0.05089154215428886	1.0
./iJR904.xml	obj	R_ALAR_copy2	0.0	optimal	0.0	999999.0	1.0
./iJR904.xml	obj	R_ALATA_D2	0.0	optimal	0.0	4.659857092785083e-09	1.0
./iJR904.xml	obj	R_ALATA_L	-0.8968711068650929	optimal	-999999.0	-0.5262479727389291	1.0
./iJR904.xml	obj	R_ALATA_L2	0.0	optimal	0.0	-5.150872498043494e-09	1.0
./iJR904.xml	obj	R_ALAabc	0.0	optimal	0.0	-1.18470067455003e-08	1.0
./iJR904.xml	obj	R_ALAt2r	0.0	optimal	-1.280641703793601e-12	0.0	1.0
./iJR904.xml	obj	R_ALCD19	0.0	optimal	-9.082565275131917e-14	0.0	1.0
./iJR904.xml	obj	R_ALDD19xr	0.0	optimal	0.0	0.0	1.0
./iJR904.xml	obj	R_ALDD2x	0.0	optimal	0.0	-3.201893715000089e-09	1.0
./iJR904.xml	obj	R_ALLTAHr	0.0	optimal	0.0	0.0	1.0
./iJR904.xml	obj	R_ALLTN	0.0	optimal	0.0	0.0	1.0
./iJR904.xml	obj	R_ALLTNt2r	0.0	optimal	0.0	0.0	1.0
./iJR904.xml	obj	R_ALTRH	0.0	optimal	-5.751384897276652e-14	0.0	1.0
./iJR904.xml	obj	R_AMALT1	0.0	optimal	0.0	-2.649330072036097e-10	1.0
./iJR904.xml	obj	R_AMALT2	0.0	optimal	0.0	-2.6493300720360975e-10	1.0
./iJR904.xml	obj	R_AMALT3	0.0	optimal	0.0	-2.649330072036097e-10	1.0
./iJR904.xml	obj	R_AMALT4	0.0	optimal	0.0	-2.649330072036097e-10	1.0
./iJR904.xml	obj	R_AMANAPEr	0.0	optimal	-3.518246438993411e-14	0.0	1.0
./iJR904.xml	obj	R_AMANK	0.0	optimal	-2.7325214163448107e-14	0.0	1.0
./iJR904.xml	obj	R_AMAOTr	0.0	optimal	0.0	0.0	1.0
./iJR904.xml	obj	R_AMMQT8_2	0.0	optimal	0.0	0.0	1.0
./iJR904.xml	obj	R_AMPMS	0.0	optimal	0.0	0.0	1.0
./iJR904.xml	obj	R_AMPN	0.0	optimal	0.0	-8.8852550591252e-09	1.0
./iJR904.xml	obj	R_ANPRT	0.04978519713272513	optimal	0.04978519713272517	0.04978519689561318	1.0
./iJR904.xml	obj	R_ANS	0.04978519713272513	optimal	0.04978519713272517	0.04978519689561318	1.0
./iJR904.xml	obj	R_AOXSr	0.0	optimal	0.0	0.0	1.0
./iJR904.xml	obj	R_AP4AH	0.0	optimal	0.0	0.0	1.0
./iJR904.xml	obj	R_AP5AH	0.0	optimal	0.0	0.0	1.0
./iJR904.xml	obj	R_APRAUR	9.219480950504656e-06	optimal	9.219480950504662e-06	9.219480950488944e-06	1.0
./iJR904.xml	obj	R_ARAI	0.0	optimal	-5.649889869677646e-14	0.0	1.0
./iJR904.xml	obj	R_ARBabc	0.0	optimal	0.0	-1.480875843187538e-08	1.0
./iJR904.xml	obj	R_ARBt2r	0.0	optimal	-1.280641703793601e-12	0.0	1.0
./iJR904.xml	obj	R_ARGDC	0.0	optimal	0.0	-3.140934015487521e-10	1.0
./iJR904.xml	obj	R_ARGORNt7	0.0	optimal	-1.280641703793601e-12	0.0	1.0
./iJR904.xml	obj	R_ARGSL	0.2590674147091808	optimal	0.25906741470918115	0.2590674168671012	1.0
./iJR904.xml	obj	R_ARGSS	0.2590674147091808	optimal	0.25906741470918115	0.2590674168671012	1.0
./iJR904.xml	obj	R_ARGabc	0.0	optimal	0.0	1.0717671313405664e-08	1.0
./iJR904.xml	obj	R_ASAD	-0.4606052682872126	optimal	-0.4606052948524793	-0.4606052682872126	1.0
./iJR904.xml	obj	R_ASNN	0.0	optimal	0.0	4.019126742527123e-09	1.0
./iJR904.xml	obj	R_ASNS1	0.0	optimal	0.0	8.038253485054246e-09	1.0
./iJR904.xml	obj	R_ASNS2	0.2111261137665566	optimal	0.21112610911763546	0.21112611778568335	1.0
./iJR904.xml	obj	R_ASNabc	0.0	optimal	0.0	1.0717671313405663e-08	1.0
./iJR904.xml	obj	R_ASNt2r	0.0	optimal	-6.198561974701787e-09	0.0	1.0
./iJR904.xml	obj	R_ASP1DC	5.439493760955871e-05	optimal	5.439493760739222e-05	5.439517352678891e-05	1.0
./iJR904.xml	obj	R_ASPCT	0.2905058447504018	optimal	0.2905058447504022	0.29050584533247825	1.0
./iJR904.xml	obj	R_ASPK	0.4606052682872126	optimal	0.4606052682872133	0.46060531422008966	1.0
./iJR904.xml	obj	R_ASPO3_1	0.002516918299487473	optimal	0.0	0.0025169185227415973	1.0
./iJR904.xml	obj	R_ASPO4_1	0.0	optimal	0.0	0.002516918408150696	1.0
./iJR904.xml	obj	R_ASPO5_1	0.0	optimal	0.0	0.0025169185227415973	1.0
./iJR904.xml	obj	R_ASPO6_1	0.0	optimal	0.0	1.2861205576086825e-08	1.0
./iJR904.xml	obj	R_ASPT	0.0	optimal	0.0	3.572557104468544e-08	1.0
./iJR904.xml	obj	R_ASPTA	-2.1425124122435073	optimal	-2.142512438575883	-2.1425124120964787	1.0
./iJR904.xml	obj	R_ASPabc	0.0	optimal	0.0	0.0	1.0
./iJR904.xml	obj	R_ASPt2_2	0.0	optimal	0.0	3.215301394021707e-08	1.0
./iJR904.xml	obj	R_ASPt2_3	0.0	optimal	0.0	0.0	1.0
./iJR904.xml	obj	R_ASPt2r	0.0	optimal	0.0	0.0	1.0
./iJR904.xml	obj	R_AST	0.0	optimal	0.0	1.2462408503960068e-09	1.0
./iJR904.xml	obj	R_ATPM	7.6	optimal	7.6	7.6	1.0
./iJR904.xml	obj	R_ATPPRT	0.08297532855454189	optimal	0.082975328554542	0.08297532878293688	1.0
./iJR904.xml	obj	R_ATPS4r	53.50560589256143	optimal	53.50560588354042	53.505605901182776	1.0
./iJR904.xml	obj	R_BETALDHx	0.0	optimal	0.0	0.0	1.0
./iJR904.xml	obj	R_BETALDHy	0.0	optimal	0.0	0.0	1.0
./iJR904.xml	obj	R_BIOMASS_Ecoli	0.9219480950504655	optimal	0.9219480950504655	0.9219480950499054	1.0
./iJR904.xml	obj	R_BPNT	0.214868301084368	optimal	0.2148683010843664	0.21486830136304486	1.0
./iJR904.xml	obj	R_BSORx	0.0	optimal	0.0	0.0	1.0
./iJR904.xml	obj	R_BSORy	0.0	optimal	0.0	0.0	1.0
./iJR904.xml	obj	R_BTS2	0.0	optimal	0.0	0.0	1.0
./iJR904.xml	obj	R_BUTCT	0.0	optimal	-1.5978562206537058e-09	0.0	1.0
./iJR904.xml	obj	R_BUTt2r	0.0	optimal	-1.5978562206537058e-09	0.0	1.0
./iJR904.xml	obj	R_C120SN	0.038721819992119544	optimal	0.0387218199921196	0.038721819993680504	1.0
./iJR904.xml	obj	R_C140SN	0.012739478777407331	optimal	0.012739478777407352	0.012739478830924331	1.0
./iJR904.xml	obj	R_C141SN	0.012487786947458668	optimal	0.012487786947458593	0.012487786947962043	1.0
./iJR904.xml	obj	R_C160SN	0.0899120660217016	optimal	0.08991206602170174	0.08991206635881381	1.0
./iJR904.xml	obj	R_C161SN	0.017482901726441978	optimal	0.017482901726442006	0.017482901727146755	1.0
./iJR904.xml	obj	R_C181SN	0.12487786947458555	optimal	0.12487786947458573	0.12487786947961965	1.0
./iJR904.xml	obj	R_CADVt	0.0	optimal	0.0	3.139942767599324e-10	1.0
./iJR904.xml	obj	R_CAT	0.0	optimal	0.0	6.4306027880434125e-09	1.0
./iJR904.xml	obj	R_CBIAT_DELETE	0.0	optimal	0.0	0.0	1.0
./iJR904.xml	obj	R_CBL1abc	0.0	optimal	0.0	0.0	1.0
./iJR904.xml	obj	R_CBLAT_DELETE	0.0	optimal	0.0	0.0	1.0
./iJR904.xml	obj	R_CBMKr	0.5495732594595826	optimal	0.5495732571351227	0.5495732616175029	1.0
./iJR904.xml	obj	R_CBPS	0.0	optimal	0.0	4.019126742527123e-09	1.0
./iJR904.xml	obj	R_CDAPPA_EC	0.0	optimal	0.0	4.019126742527123e-09	1.0
./iJR904.xml	obj	R_CDPMEK	0.0	optimal	0.0	2.4288089090948206e-10	1.0
./iJR904.xml	obj	R_CHLabc	0.0	optimal	0.0	1.0717671313405663e-08	1.0
./iJR904.xml	obj	R_CHLt2	0.0	optimal	-6.1985619747017885e-09	0.0	1.0
./iJR904.xml	obj	R_CHORM	0.2830380651804929	optimal	0.2830380651804933	0.28303806540724197	1.0
./iJR904.xml	obj	R_CHORS	0.37892066706574135	optimal	0.37892066706574185	0.3789206672924904	1.0
./iJR904.xml	obj	R_CHRPL	0.0	optimal	0.0	0.0	1.0
./iJR904.xml	obj	R_CINNDO	0.0	optimal	0.0	0.0	1.0
./iJR904.xml	obj	R_CITL	0.0	optimal	0.0	8.038253485054246e-09	1.0
./iJR904.xml	obj	R_CITt7	0.0	optimal	-2.961096484730152e-10	0.0	1.0
./iJR904.xml	obj	R_CLPNS_EC	0.005946565213075502	optimal	0.00594656521307551	0.0059465652133152205	1.0
./iJR904.xml	obj	R_CMPN	0.0	optimal	0.0	2.679417828351413e-09	1.0
./iJR904.xml	obj	R_CO2t	-21.777023073409786	optimal	-21.77702307457418	-21.777023069698135	1.0
./iJR904.xml	obj	R_CPPPGO	0.0	optimal	0.0	0.0	1.0
./iJR904.xml	obj	R_CRNBTCT	0.0	optimal	0.0	0.0	1.0
./iJR904.xml	obj	R_CRNCBCT	0.0	optimal	0.0	0.0	1.0
./iJR904.xml	obj	R_CRNCDH	0.0	optimal	0.0	0.0	1.0
./iJR904.xml	obj	R_CRNt7	0.0	optimal	0.0	0.0	1.0
./iJR904.xml	obj	R_CS	5.046147604918771	optimal	5.046147601205587	5.046147623914294	1.0
./iJR904.xml	obj	R_CSND	0.0	optimal	-3.7340734787360163e-10	2.679417828351413e-09	1.0
./iJR904.xml	obj	R_CSNt2	0.0	optimal	-3.7340734787360163e-10	0.0	1.0
./iJR904.xml	obj	R_CTPS2	0.1395829415906405	optimal	0.13958294159064058	0.1395829456097672	1.0
./iJR904.xml	obj	R_CYANST	0.0	optimal	0.0	0.0	1.0
./iJR904.xml	obj	R_CYNTAH	0.0	optimal	0.0	0.0	1.0
./iJR904.xml	obj	R_CYNTt2	0.0	optimal	0.0	0.0	1.0
./iJR904.xml	obj	R_CYSDS	0.0	optimal	0.0	3.6126981955299958e-09	1.0
./iJR904.xml	obj	R_CYSS	0.214868301084368	optimal	0.214868301084366	0.21486830470216495	1.0
./iJR904.xml	obj	R_CYSTL	0.13460442187736796	optimal	0.13460442187736804	0.13460442211911994	1.0
./iJR904.xml	obj	R_CYSabc	0.0	optimal	0.0	0.0	1.0
./iJR904.xml	obj	R_CYTBD	0.0	optimal	0.0	6.430602788043423e-08	1.0
./iJR904.xml	obj	R_CYTBO3	39.843867944921804	optimal	39.843867909477076	39.843867948673605	1.0
./iJR904.xml	obj	R_CYTD	0.0	optimal	0.0	2.6794178283514153e-09	1.0
./iJR904.xml	obj	R_CYTDK2	0.0	optimal	-2.3244607405131655e-09	8.038253485054245e-09	1.0
./iJR904.xml	obj	R_CYTDt2_copy1	0.0	optimal	0.0	999999.0	1.0
./iJR904.xml	obj	R_CYTDt2_copy2	0.0	optimal	-999999.0	0.0	1.0
./iJR904.xml	obj	R_CYTK1	0.16365408440431467	optimal	0.16365408285467223	0.16365408842854018	1.0
./iJR904.xml	obj	R_CYTK2	0.0	optimal	-2.3244607405131655e-09	4.019126742527123e-09	1.0
./iJR904.xml	obj	R_DAAD	0.0	optimal	0.0	5.154459978015054e-09	1.0
./iJR904.xml	obj	R_DADA	0.0	optimal	0.0	4.628494674135954e-09	1.0
./iJR904.xml	obj	R_DADK	0.0	optimal	-0.4766471775863652	2.8349529879082723e-09	1.0
./iJR904.xml	obj	R_DADNt2	0.0	optimal	-5.536431641738717e-10	0.0	1.0
./iJR904.xml	obj	R_DAGK_EC	0.015488727996847817	optimal	0.015488727996847817	0.015488733666753794	1.0
./iJR904.xml	obj	R_DALAt2r	0.0	optimal	-2.3070874413093995e-09	0.0	1.0
./iJR904.xml	obj	R_DAPDC	0.3005550789864518	optimal	0.3005550789864518	0.3005550792079325	1.0
./iJR904.xml	obj	R_DAPE	0.3260008464098446	optimal	0.3260008464098446	0.32600084663132534	1.0
./iJR904.xml	obj	R_DAPabc	0.0	optimal	0.0	0.0	1.0
./iJR904.xml	obj	R_DASYN_EC	0.14036659747143337	optimal	0.14036659747143357	0.1403666014905601	1.0
./iJR904.xml	obj	R_DB4PS	1.8438961901009313e-05	optimal	1.8438961901009337e-05	1.843902282491152e-05	1.0
./iJR904.xml	obj	R_DBTS	0.0	optimal	0.0	0.0	1.0
./iJR904.xml	obj	R_DCTPD	0.0	optimal	0.0	4.019126742527123e-09	1.0
./iJR904.xml	obj	R_DCYTD	0.0	optimal	-1.3908516024012981e-10	4.019126742527123e-09	1.0
./iJR904.xml	obj	R_DCYTt2	0.0	optimal	-1.3908516024012981e-10	0.0	1.0
./iJR904.xml	obj	R_DDGALK	0.0	optimal	0.0	0.0	1.0
./iJR904.xml	obj	R_DDGLCNt2r	0.0	optimal	0.0	0.0	1.0
./iJR904.xml	obj	R_DDGLK	0.0	optimal	0.0	0.0	1.0
./iJR904.xml	obj	R_DDPA	0.37892066706574135	optimal	0.37892066706574196	0.3789206672924904	1.0
./iJR904.xml	obj	R_DDPGALA	0.0	optimal	-2.554352462102385e-10	0.0	1.0
./iJR904.xml	obj	R_DGK1	0.0	optimal	-0.4766471677602022	4.019126742527123e-09	1.0
./iJR904.xml	obj	R_DGSNt2	0.0	optimal	-1.1571677613008928e-10	0.0	1.0
./iJR904.xml	obj	R_DHAD1	0.765271313829496	optimal	0.7652713138294943	0.7652713142543468	1.0
./iJR904.xml	obj	R_DHAD2	0.2544576742339285	optimal	0.2544576742339287	0.2544576745299968	1.0
./iJR904.xml	obj	R_DHAPT	0.4172835242090049	optimal	0.0	0.41728355716098253	1.0
./iJR904.xml	obj	R_DHAt	0.0	optimal	-4.4917115758708614e-10	0.0	1.0
./iJR904.xml	obj	R_DHBD	0.0	optimal	0.0	2.0505748686362932e-10	1.0
./iJR904.xml	obj	R_DHBSr	0.0	optimal	0.0	2.0505748686362932e-10	1.0
./iJR904.xml	obj	R_DHCIND	0.0	optimal	0.0	0.0	1.0
./iJR904.xml	obj	R_DHCINDO_1	0.0	optimal	-1.7659720725646124e-10	0.0	1.0
./iJR904.xml	obj	R_DHDPRy	0.3260008464098446	optimal	0.3260008464098452	0.3260008467238389	1.0
./iJR904.xml	obj	R_DHDPS	0.3260008464098446	optimal	0.3260008464098451	0.3260008467300938	1.0
./iJR904.xml	obj	R_DHFR	0.06886952270026982	optimal	0.06886952270026991	0.06886952291899781	1.0
./iJR904.xml	obj	R_DHFS_1	0.046097404752523316	optimal	0.046097404752523385	0.04609740475438162	1.0
./iJR904.xml	obj	R_DHNAOT	0.0	optimal	0.0	0.0	1.0
./iJR904.xml	obj	R_DHNPA2r	0.046097404752523316	optimal	0.046097404752523385	0.04609740475438162	1.0
./iJR904.xml	obj	R_DHORD2	0.2905058447504018	optimal	0.0	0.29050584533247825	1.0
./iJR904.xml	obj	R_DHORD5	0.0	optimal	0.0	0.29050584521606293	1.0
./iJR904.xml	obj	R_DHORTS	-0.2905058447504018	optimal	-0.2905058451314613	-0.29050584475040164	1.0
./iJR904.xml	obj	R_DHPPD	0.0	optimal	-1.6340673044029332e-10	0.0	1.0
./iJR904.xml	obj	R_DHPPDA2	9.219480950504656e-06	optimal	9.219480950506398e-06	9.219511412346258e-06	1.0
./iJR904.xml	obj	R_DHPS2_1	0.046097404752523316	optimal	0.04609740475252322	0.0460974047538341	1.0
./iJR904.xml	obj	R_DHPTDCs	0.0	optimal	0.0	0.0	1.0
./iJR904.xml	obj	R_DHQS	0.37892066706574135	optimal	0.37892066706574123	0.3789206672256823	1.0
./iJR904.xml	obj	R_DHQTi	0.37892066706574135	optimal	0.37892066706574123	0.3789206672256823	1.0
./iJR904.xml	obj	R_DINSt2	0.0	optimal	-5.748955693048141e-10	0.0	1.0
./iJR904.xml	obj	R_DKGLCNR1	0.0	optimal	0.0	0.0	1.0
./iJR904.xml	obj	R_DKGLCNR2x	0.0	optimal	0.0	0.0	1.0
./iJR904.xml	obj	R_DKGLCNR2y	0.0	optimal	0.0	0.0	1.0
./iJR904.xml	obj	R_DKMPPD	0.006453636665353258	optimal	0.006453614574991008	0.006453636798762811	1.0
./iJR904.xml	obj	R_DKMPPD2	0.0	optimal	0.0	5.6699059758165686e-09	1.0
./iJR904.xml	obj	R_DMATT	0.0	optimal	0.0	1.5574525410840705e-11	1.0
./iJR904.xml	obj	R_DMPPS	0.0	optimal	0.0	1.5574525410840705e-11	1.0
./iJR904.xml	obj	R_DMQMT	0.0	optimal	0.0	0.0	1.0
./iJR904.xml	obj	R_DMSOR1	0.0	optimal	0.0	0.0	1.0
./iJR904.xml	obj	R_DMSOR1e	0.0	optimal	0.0	0.0	1.0
./iJR904.xml	obj	R_DMSOR2	0.0	optimal	0.0	0.0	1.0
./iJR904.xml	obj	R_DMSOR2e	0.0	optimal	0.0	0.0	1.0
./iJR904.xml	obj	R_DNMPPA	0.046097404752523316	optimal	0.04609740475252322	0.0460974047538341	1.0
./iJR904.xml	obj	R_DNTPPA	0.046097404752523316	optimal	0.04609740475252322	0.0460974047538341	1.0
./iJR904.xml	obj	R_DOGULNR	0.0	optimal	0.0	0.0	1.0
./iJR904.xml	obj	R_DPCOAK	5.439493760955871e-05	optimal	5.439493760794889e-05	5.4394937607359084e-05	1.0
./iJR904.xml	obj	R_DPR	5.439493760955871e-05	optimal	5.439493760794889e-05	5.4394937607359084e-05	1.0
./iJR904.xml	obj	R_DRPA	0.4766471651410907	optimal	0.47664703891044924	0.4766471650726938	1.0
./iJR904.xml	obj	R_DSERt2	0.0	optimal	-2.814058885418786e-09	0.0	1.0
./iJR904.xml	obj	R_DTMPK	0.022772117947746497	optimal	0.022772117947746497	0.022772117887044085	1.0
./iJR904.xml	obj	R_DURIK1	0.0	optimal	0.0	-1.2140483351963386e-10	1.0
./iJR904.xml	obj	R_DURIPP	0.4766471651410907	optimal	-1.1045181125268734e-08	0.4766471650726938	1.0
./iJR904.xml	obj	R_DURIt2	0.0	optimal	-6.65873767913715e-10	0.0	1.0
./iJR904.xml	obj	R_DUTPDP	0.0	optimal	0.0	-6.070241675981693e-11	1.0
./iJR904.xml	obj	R_DXPRIi	0.0	optimal	0.0	-3.668323495992216e-12	1.0
./iJR904.xml	obj	R_DXPS	0.0	optimal	0.0	-3.668323495992216e-12	1.0
./iJR904.xml	obj	R_DXYLK	0.0	optimal	0.0	0.0	1.0
./iJR904.xml	obj	R_D_LACt2	0.0	optimal	-2.3626055882927803e-09	0.0	1.0
./iJR904.xml	obj	R_E4PD	0.0	optimal	0.0	0.0	1.0
./iJR904.xml	obj	R_ECAP_EC	0.0	optimal	0.0	0.0	1.0
./iJR904.xml	obj	R_EDA	0.0	optimal	0.0	-1.5665139808984475e-10	1.0
./iJR904.xml	obj	R_EDD	0.0	optimal	0.0	7.31600771073107e-09	1.0
./iJR904.xml	obj	R_EDTXS1	0.007744363998423909	optimal	0.007744363998423909	0.007744363998644119	1.0
./iJR904.xml	obj	R_EDTXS2	0.007744363998423909	optimal	0.007744363998423909	0.007744363998644119	1.0
./iJR904.xml	obj	R_EDTXS3	0.0	optimal	0.0	0.0	1.0
./iJR904.xml	obj	R_EDTXS4	0.0	optimal	0.0	0.0	1.0
./iJR904.xml	obj	R_ENO	13.393048015018632	optimal	13.39304799420928	13.393048060601371	1.0
./iJR904.xml	obj	R_ENTCS_1	0.0	optimal	0.0	0.0	1.0
./iJR904.xml	obj	R_ETHAAL	0.0	optimal	0.0	-2.2276116242134616e-11	1.0
./iJR904.xml	obj	R_ETOHt2r	0.0	optimal	-2.4275123352238994e-09	0.0	1.0
./iJR904.xml	obj	R_EX_12ppd__S_e	0.0	optimal	0.0	0.0	1.0
./iJR904.xml	obj	R_EX_15dap_e	0.0	optimal	0.0	-4.742376309360685e-12	1.0
./iJR904.xml	obj	R_EX_26dap__M_e	0.0	optimal	0.0	0.0	1.0
./iJR904.xml	obj	R_EX_2ddglcn_e	0.0	optimal	0.0	0.0	1.0
./iJR904.xml	obj	R_EX_3hcinnm_e	0.0	optimal	0.0	-4.611769554402031e-12	1.0
./iJR904.xml	obj	R_EX_3hpppn_e	0.0	optimal	0.0	-4.504817570301797e-12	1.0
./iJR904.xml	obj	R_EX_4abut_e	0.0	optimal	0.0	-7.987160099975863e-12	1.0
./iJR904.xml	obj	R_EX_ac_e	0.0	optimal	0.0	-2.2692492246660453e-11	1.0
./iJR904.xml	obj	R_EX_acac_e	0.0	optimal	0.0	0.0	1.0
./iJR904.xml	obj	R_EX_acald_e	0.0	optimal	0.0	-1.261348919684502e-11	1.0
./iJR904.xml	obj	R_EX_acgam_e	0.0	optimal	0.0	-4.44706349888768e-12	1.0
./iJR904.xml	obj	R_EX_acmana_e	0.0	optimal	0.0	-4.44706349888768e-12	1.0
./iJR904.xml	obj	R_EX_acnam_e	0.0	optimal	0.0	0.0	1.0
./iJR904.xml	obj	R_EX_ade_e	0.0	optimal	0.0	-6.415050648329367e-12	1.0
./iJR904.xml	obj	R_EX_adn_e	0.0	optimal	0.0	-3.265765528436673e-12	1.0
./iJR904.xml	obj	R_EX_akg_e	0.0	optimal	0.0	-8.845525210902228e-12	1.0
./iJR904.xml	obj	R_EX_ala__D_e	0.0	optimal	0.0	-1.267935598116278e-11	1.0
./iJR904.xml	obj	R_EX_ala__L_e	0.0	optimal	0.0	-1.267935598116278e-11	1.0
./iJR904.xml	obj	R_EX_alltn_e	0.0	optimal	0.0	0.0	1.0
./iJR904.xml	obj	R_EX_amp_e	0.0	optimal	-5.014838195354709e-10	0.0	1.0
./iJR904.xml	obj	R_EX_arab__L_e	0.0	optimal	0.0	-7.1414607952725495e-12	1.0
./iJR904.xml	obj	R_EX_arg__L_e	0.0	optimal	0.0	-4.980711118754184e-12	1.0
./iJR904.xml	obj	R_EX_asn__L_e	0.0	optimal	0.0	-9.466263822193643e-12	1.0
./iJR904.xml	obj	R_EX_asp__L_e	0.0	optimal	0.0	0.0	1.0
./iJR904.xml	obj	R_EX_but_e	0.0	optimal	0.0	0.0	1.0
./iJR904.xml	obj	R_EX_cbl1_e	0.0	optimal	0.0	0.0	1.0
./iJR904.xml	obj	R_EX_chol_e	0.0	optimal	0.0	0.0	1.0
./iJR904.xml	obj	R_EX_cit_e	0.0	optimal	0.0	0.0	1.0
./iJR904.xml	obj	R_EX_co2_e	21.777023073409786	optimal	21.77702306288025	21.77702307340997	1.0
./iJR904.xml	obj	R_EX_crn_e	0.0	optimal	0.0	0.0	1.0
./iJR904.xml	obj	R_EX_csn_e	0.0	optimal	0.0	0.0	1.0
./iJR904.xml	obj	R_EX_cynt_e	0.0	optimal	0.0	0.0	1.0
./iJR904.xml	obj	R_EX_cys__L_e	0.0	optimal	0.0	0.0	1.0
./iJR904.xml	obj	R_EX_cytd_e	0.0	optimal	0.0	0.0	1.0
./iJR904.xml	obj	R_EX_dad_2_e	0.0	optimal	0.0	0.0	1.0
./iJR904.xml	obj	R_EX_dcyt_e	0.0	optimal	0.0	0.0	1.0
./iJR904.xml	obj	R_EX_dgsn_e	0.0	optimal	0.0	0.0	1.0
./iJR904.xml	obj	R_EX_dha_e	0.0	optimal	0.0	0.0	1.0
./iJR904.xml	obj	R_EX_din_e	0.0	optimal	0.0	0.0	1.0
./iJR904.xml	obj	R_EX_dms_e	0.0	optimal	0.0	0.0	1.0
./iJR904.xml	obj	R_EX_dmso_e	0.0	optimal	-3.534457960086e-08	0.0	1.0
./iJR904.xml	obj	R_EX_duri_e	0.0	optimal	0.0	0.0	1.0
./iJR904.xml	obj	R_EX_etoh_e	0.0	optimal	0.0	0.0	1.0
./iJR904.xml	obj	R_EX_fe2_e	0.0	optimal	-7.488258390012711e-10	0.0	1.0
./iJR904.xml	obj	R_EX_for_e	0.0	optimal	0.0	0.0	1.0
./iJR904.xml	obj	R_EX_fru_e	0.0	optimal	0.0	0.0	1.0
./iJR904.xml	obj	R_EX_fuc1p__L_e	0.0	optimal	0.0	0.0	1.0
./iJR904.xml	obj	R_EX_fuc__L_e	0.0	optimal	0.0	0.0	1.0
./iJR904.xml	obj	R_EX_fum_e	0.0	optimal	0.0	0.0	1.0
./iJR904.xml	obj	R_EX_g6p_e	0.0	optimal	0.0	0.0	1.0
./iJR904.xml	obj	R_EX_gal_e	0.0	optimal	0.0	0.0	1.0
./iJR904.xml	obj	R_EX_galct__D_e	0.0	optimal	0.0	0.0	1.0
./iJR904.xml	obj	R_EX_galctn__D_e	0.0	optimal	0.0	0.0	1.0
./iJR904.xml	obj	R_EX_galt_e	0.0	optimal	0.0	0.0	1.0
./iJR904.xml	obj	R_EX_galur_e	0.0	optimal	0.0	0.0	1.0
./iJR904.xml	obj	R_EX_gam_e	0.0	optimal	0.0	0.0	1.0
./iJR904.xml	obj	R_EX_gbbtn_e	0.0	optimal	0.0	0.0	1.0
./iJR904.xml	obj	R_EX_glc__D_e	-10.0	optimal	-10.0	-9.99999999998763	1.0
./iJR904.xml	obj	R_EX_glcn_e	0.0	optimal	0.0	0.0	1.0
./iJR904.xml	obj	R_EX_glcr_e	0.0	optimal	0.0	0.0	1.0
./iJR904.xml	obj	R_EX_glcur_e	0.0	optimal	0.0	0.0	1.0
./iJR904.xml	obj	R_EX_gln__L_e	0.0	optimal	0.0	0.0	1.0
./iJR904.xml	obj	R_EX_glu__L_e	0.0	optimal	0.0	0.0	1.0
./iJR904.xml	obj	R_EX_gly_e	0.0	optimal	0.0	0.0	1.0
./iJR904.xml	obj	R_EX_glyald_e	0.0	optimal	0.0	0.0	1.0
./iJR904.xml	obj	R_EX_glyb_e	0.0	optimal	0.0	0.0	1.0
./iJR904.xml	obj	R_EX_glyc3p_e	0.0	optimal	0.0	0.0	1.0
./iJR904.xml	obj	R_EX_glyc_e	0.0	optimal	0.0	0.0	1.0
./iJR904.xml	obj	R_EX_glyclt_e	0.0	optimal	0.0	0.0	1.0
./iJR904.xml	obj	R_EX_gsn_e	0.0	optimal	0.0	0.0	1.0
./iJR904.xml	obj	R_EX_gua_e	0.0	optimal	0.0	0.0	1.0
./iJR904.xml	obj	R_EX_h2o_e	41.29449368523066	optimal	41.294493639160535	41.294493685291165	1.0
./iJR904.xml	obj	R_EX_h_e	8.42754597581822	optimal	8.427545972168446	8.427545975428075	1.0
./iJR904.xml	obj	R_EX_hdca_e	0.0	optimal	0.0	-1.5185094874250461e-12	1.0
./iJR904.xml	obj	R_EX_his__L_e	0.0	optimal	0.0	-4.890426325060761e-12	1.0
./iJR904.xml	obj	R_EX_hxan_e	0.0	optimal	0.0	-6.859030142352161e-12	1.0
./iJR904.xml	obj	R_EX_idon__L_e	0.0	optimal	0.0	-6.116112519880765e-12	1.0
./iJR904.xml	obj	R_EX_ile__L_e	0.0	optimal	0.0	-4.4716329104837655e-12	1.0
./iJR904.xml	obj	R_EX_indole_e	0.0	optimal	0.0	-3.2570042527064614e-12	1.0
./iJR904.xml	obj	R_EX_ins_e	0.0	optimal	0.0	0.0	1.0
./iJR904.xml	obj	R_EX_k_e	0.0	optimal	0.0	0.0	1.0
./iJR904.xml	obj	R_EX_lac__D_e	0.0	optimal	0.0	0.0	1.0
./iJR904.xml	obj	R_EX_lac__L_e	0.0	optimal	0.0	0.0	1.0
./iJR904.xml	obj	R_EX_lcts_e	0.0	optimal	0.0	0.0	1.0
./iJR904.xml	obj	R_EX_leu__L_e	0.0	optimal	0.0	0.0	1.0
./iJR904.xml	obj	R_EX_lys__L_e	0.0	optimal	0.0	0.0	1.0
./iJR904.xml	obj	R_EX_mal__L_e	0.0	optimal	0.0	0.0	1.0
./iJR904.xml	obj	R_EX_malt_e	0.0	optimal	0.0	0.0	1.0
./iJR904.xml	obj	R_EX_malthx_e	0.0	optimal	0.0	0.0	1.0
./iJR904.xml	obj	R_EX_maltpt_e	0.0	optimal	0.0	0.0	1.0
./iJR904.xml	obj	R_EX_malttr_e	0.0	optimal	0.0	0.0	1.0
./iJR904.xml	obj	R_EX_maltttr_e	0.0	optimal	0.0	0.0	1.0
./iJR904.xml	obj	R_EX_man6p_e	0.0	optimal	0.0	0.0	1.0
./iJR904.xml	obj	R_EX_man_e	0.0	optimal	0.0	0.0	1.0
./iJR904.xml	obj	R_EX_melib_e	0.0	optimal	0.0	0.0	1.0
./iJR904.xml	obj	R_EX_met__D_e	0.0	optimal	0.0	0.0	1.0
./iJR904.xml	obj	R_EX_met__L_e	0.0	optimal	0.0	0.0	1.0
./iJR904.xml	obj	R_EX_mnl_e	0.0	optimal	0.0	0.0	1.0
./iJR904.xml	obj	R_EX_na1_e	0.0	optimal	0.0	0.0	1.0
./iJR904.xml	obj	R_EX_nac_e	0.0	optimal	0.0	0.0	1.0
./iJR904.xml	obj	R_EX_nad_e	0.0	optimal	0.0	0.0	1.0
./iJR904.xml	obj	R_EX_nh4_e	-9.850520309487221	optimal	-9.850520318630823	-9.85052030948686	1.0
./iJR904.xml	obj	R_EX_nmn_e	0.0	optimal	0.0	0.0	1.0
./iJR904.xml	obj	R_EX_no2_e	0.0	optimal	0.0	0.0	1.0
./iJR904.xml	obj	R_EX_no3_e	0.0	optimal	0.0	0.0	1.0
./iJR904.xml	obj	R_EX_o2_e	-19.928387609126254	optimal	-19.928387609762286	-19.92838760912742	1.0
./iJR904.xml	obj	R_EX_ocdca_e	0.0	optimal	0.0	0.0	1.0
./iJR904.xml	obj	R_EX_orn_e	0.0	optimal	0.0	0.0	1.0
./iJR904.xml	obj	R_EX_phe__L_e	0.0	optimal	0.0	0.0	1.0
./iJR904.xml	obj	R_EX_pi_e	-0.8404819955275502	optimal	-0.8404819974784755	-0.8404819956438678	1.0
./iJR904.xml	obj	R_EX_pnto__R_e	0.0	optimal	0.0	0.0	1.0
./iJR904.xml	obj	R_EX_pppn_e	0.0	optimal	0.0	0.0	1.0
./iJR904.xml	obj	R_EX_pro__L_e	0.0	optimal	0.0	0.0	1.0
./iJR904.xml	obj	R_EX_ptrc_e	0.0	optimal	0.0	0.0	1.0
./iJR904.xml	obj	R_EX_pyr_e	0.0	optimal	0.0	0.0	1.0
./iJR904.xml	obj	R_EX_rib__D_e	0.0	optimal	0.0	0.0	1.0
./iJR904.xml	obj	R_EX_rmn_e	0.0	optimal	0.0	-2.5357662628042726e-13	1.0
./iJR904.xml	obj	R_EX_sbt__D_e	0.0	optimal	0.0	0.0	1.0
./iJR904.xml	obj	R_EX_ser__D_e	0.0	optimal	0.0	0.0	1.0
./iJR904.xml	obj	R_EX_ser__L_e	0.0	optimal	0.0	0.0	1.0
./iJR904.xml	obj	R_EX_so4_e	-0.214868301084368	optimal	-0.21486830129051468	-0.214868301084235	1.0
./iJR904.xml	obj	R_EX_spmd_e	0.0	optimal	0.0	0.0	1.0
./iJR904.xml	obj	R_EX_succ_e	0.0	optimal	0.0	0.0	1.0
./iJR904.xml	obj	R_EX_sucr_e	0.0	optimal	0.0	0.0	1.0
./iJR904.xml	obj	R_EX_tartr__L_e	0.0	optimal	0.0	1.673995848180116e-10	1.0
./iJR904.xml	obj	R_EX_taur_e	0.0	optimal	0.0	0.0	1.0
./iJR904.xml	obj	R_EX_thm_e	0.0	optimal	0.0	0.0	1.0
./iJR904.xml	obj	R_EX_thr__L_e	0.0	optimal	0.0	9.346916881005695e-11	1.0
./iJR904.xml	obj	R_EX_thymd_e	0.0	optimal	0.0	4.031255307862322e-11	1.0
./iJR904.xml	obj	R_EX_tma_e	0.0	optimal	0.0	0.0	1.0
./iJR904.xml	obj	R_EX_tmao_e	0.0	optimal	0.0	0.0	1.0
./iJR904.xml	obj	R_EX_tre_e	0.0	optimal	0.0	0.0	1.0
./iJR904.xml	obj	R_EX_trp__L_e	0.0	optimal	0.0	3.264983637772787e-11	1.0
./iJR904.xml	obj	R_EX_tsul_e	0.0	optimal	0.0	0.0	1.0
./iJR904.xml	obj	R_EX_ttdca_e	0.0	optimal	0.0	2.1424241874756375e-11	1.0
./iJR904.xml	obj	R_EX_tyr__L_e	0.0	optimal	0.0	4.1790869552592434e-11	1.0
./iJR904.xml	obj	R_EX_ura_e	0.0	optimal	0.0	1.2143330538027894e-10	1.0
./iJR904.xml	obj	R_EX_urea_e	0.0	optimal	0.0	3.9771444983608174e-10	1.0
./iJR904.xml	obj	R_EX_uri_e	0.0	optimal	0.0	4.865308130178664e-11	1.0
./iJR904.xml	obj	R_EX_val__L_e	0.0	optimal	0.0	7.736221021615686e-11	1.0
./iJR904.xml	obj	R_EX_xan_e	0.0	optimal	0.0	8.61329259092674e-11	1.0
./iJR904.xml	obj	R_EX_xtsn_e	0.0	optimal	0.0	4.216748162765385e-11	1.0
./iJR904.xml	obj	R_EX_xyl__D_e	0.0	optimal	0.0	0.0	1.0
./iJR904.xml	obj	R_F6PA	0.4172835242090049	optimal	5.109687487940109e-09	0.41728353025568476	1.0
./iJR904.xml	obj	R_FAO1	0.0	optimal	0.0	1.064011005945101e-10	1.0
./iJR904.xml	obj	R_FAO2	0.0	optimal	0.0	9.120094336672287e-11	1.0
./iJR904.xml	obj	R_FAO3	0.0	optimal	0.0	0.0	1.0
./iJR904.xml	obj	R_FAO4	0.0	optimal	0.0	0.0	1.0
./iJR904.xml	obj	R_FBA	6.5858431002354205	optimal	6.58584310535554	7.003126629778326	1.0
./iJR904.xml	obj	R_FBP	0.0	optimal	0.0	-1.2140483351963386e-10	1.0
./iJR904.xml	obj	R_FCI	0.0	optimal	0.0	0.0	1.0
./iJR904.xml	obj	R_FCLK	0.0	optimal	0.0	0.0	1.0
./iJR904.xml	obj	R_FCLPA	0.0	optimal	0.0	0.0	1.0
./iJR904.xml	obj	R_FCLT	0.0	optimal	0.0	0.0	1.0
./iJR904.xml	obj	R_FDH2	0.33868869609392366	optimal	0.0	0.33868869577019634	1.0
./iJR904.xml	obj	R_FDH3	0.0	optimal	0.0	0.33868869577019634	1.0
./iJR904.xml	obj	R_FE2abc	0.0	optimal	0.0	0.0	1.0
./iJR904.xml	obj	R_FFSD	0.0	optimal	-5.335836292400364e-10	0.0	1.0
./iJR904.xml	obj	R_FHL	0.0	optimal	0.0	0.33868869577019634	1.0
./iJR904.xml	obj	R_FMNAT	9.219480950504656e-06	optimal	9.219480950506398e-06	9.219480950499054e-06	1.0
./iJR904.xml	obj	R_FORt	0.0	optimal	-1.6065718000390908e-08	0.0	1.0
./iJR904.xml	obj	R_FRD2	0.0	optimal	0.0	0.6778088638963445	1.0
./iJR904.xml	obj	R_FRD3	0.0	optimal	0.0	0.3847861008464633	1.0
./iJR904.xml	obj	R_FRUK	0.0	optimal	0.0	0.0	1.0
./iJR904.xml	obj	R_FRUpts	0.0	optimal	0.0	0.0	1.0
./iJR904.xml	obj	R_FRUpts2	0.0	optimal	0.0	0.0	1.0
./iJR904.xml	obj	R_FTHFD	0.28610999623319255	optimal	0.2861098705642665	0.28610999623321387	1.0
./iJR904.xml	obj	R_FUCPt6_2	0.0	optimal	0.0	0.0	1.0
./iJR904.xml	obj	R_FUCt	0.0	optimal	-1.1003916438623915e-09	0.0	1.0
./iJR904.xml	obj	R_FUM	4.98880704314712	optimal	4.988807024363469	4.988807043147624	1.0
./iJR904.xml	obj	R_FUMt2_2	0.0	optimal	0.0	0.0	1.0
./iJR904.xml	obj	R_FUMt2_3	0.0	optimal	0.0	0.0	1.0
./iJR904.xml	obj	R_G1PACT	0.0663802628436335	optimal	0.0663802628436335	0.06638026284363199	1.0
./iJR904.xml	obj	R_G1PP	0.0	optimal	0.0	0.0	1.0
./iJR904.xml	obj	R_G1PTT	0.0	optimal	0.0	0.0	1.0
./iJR904.xml	obj	R_G1SAT	0.0	optimal	0.0	0.0	1.0
./iJR904.xml	obj	R_G3PD2	-0.15221363049283188	optimal	-0.15221372867221966	-0.1522136304928284	1.0
./iJR904.xml	obj	R_G3PD5	0.0	optimal	0.0	0.0	1.0
./iJR904.xml	obj	R_G3PD6	0.0	optimal	0.0	0.0	1.0
./iJR904.xml	obj	R_G3PD7	0.0	optimal	0.0	0.0	1.0
./iJR904.xml	obj	R_G5SADs	0.19360909996059775	optimal	0.19360909996059775	0.1936090999605933	1.0
./iJR904.xml	obj	R_G5SD	0.19360909996059775	optimal	0.19360907787023549	0.1936090999605933	1.0
./iJR904.xml	obj	R_G6PDA	0.0	optimal	0.0	0.0	1.0
./iJR904.xml	obj	R_G6PDH2r	5.06245928301948	optimal	5.0624592333352725	5.062459283018996	1.0
./iJR904.xml	obj	R_G6Pt6_2	0.0	optimal	-1.0298537179737751e-09	0.0	1.0
./iJR904.xml	obj	R_GALCTD	0.0	optimal	0.0	0.0	1.0
./iJR904.xml	obj	R_GALCTND	0.0	optimal	0.0	0.0	1.0
./iJR904.xml	obj	R_GALCTNt2r	0.0	optimal	0.0	0.0	1.0
./iJR904.xml	obj	R_GALCTt2r	0.0	optimal	0.0	0.0	1.0
./iJR904.xml	obj	R_GALKr	0.0	optimal	-5.368253280811057e-10	0.0	1.0
./iJR904.xml	obj	R_GALS3	0.0	optimal	-5.368253280811057e-10	0.0	1.0
./iJR904.xml	obj	R_GALTpts	0.0	optimal	0.0	0.0	1.0
./iJR904.xml	obj	R_GALURt2r	0.0	optimal	0.0	0.0	1.0
./iJR904.xml	obj	R_GALUi_copy1	0.0	optimal	-999998.9817454277	0.018254572281998796	1.0
./iJR904.xml	obj	R_GALUi_copy2	0.018254572281999216	optimal	0.0	999999.0	1.0
./iJR904.xml	obj	R_GALabc	0.0	optimal	0.0	0.0	1.0
./iJR904.xml	obj	R_GALt2	0.0	optimal	0.0	0.0	1.0
./iJR904.xml	obj	R_GAMpts	0.0	optimal	0.0	0.0	1.0
./iJR904.xml	obj	R_GAPD	15.357828195446398	optimal	15.35782817407533	15.357828195446675	1.0
./iJR904.xml	obj	R_GARFT	0.4406072921574799	optimal	0.4406072695054038	0.4406072921574441	1.0
./iJR904.xml	obj	R_GART	0.0	optimal	0.0	0.0	1.0
./iJR904.xml	obj	R_GCALDD	0.046097404752523316	optimal	0.04609740475252322	0.04609740475252226	1.0
./iJR904.xml	obj	R_GDMANE	0.0	optimal	0.0	0.0	1.0
./iJR904.xml	obj	R_GF6PTA	0.0663802628436335	optimal	0.0663802628436335	0.06638026284363199	1.0
./iJR904.xml	obj	R_GHMT2r	1.4538282486179415	optimal	1.4538281218255862	1.4538282486178824	1.0
./iJR904.xml	obj	R_GK1	0.25667956914300016	optimal	0.25667956914300005	0.733326734284074	1.0
./iJR904.xml	obj	R_GLCDe	0.0	optimal	0.0	0.0	1.0
./iJR904.xml	obj	R_GLCNt2r	0.0	optimal	-1.164182463796443e-09	0.0	1.0
./iJR904.xml	obj	R_GLCP	0.0	optimal	0.0	0.0	1.0
./iJR904.xml	obj	R_GLCRAL	0.0	optimal	0.0	0.0	1.0
./iJR904.xml	obj	R_GLCRD	0.0	optimal	0.0	0.0	1.0
./iJR904.xml	obj	R_GLCRt2r	0.0	optimal	0.0	0.0	1.0
./iJR904.xml	obj	R_GLCS1	0.1419800066377717	optimal	0.1419800066377717	0.14198000663776844	1.0
./iJR904.xml	obj	R_GLCURt2r	0.0	optimal	0.0	0.0	1.0
./iJR904.xml	obj	R_GLCpts	10.0	optimal	9.99999991163855	10.0	1.0
./iJR904.xml	obj	R_GLCt2	0.0	optimal	0.0	0.0	1.0
./iJR904.xml	obj	R_GLGC	0.1419800066377717	optimal	0.1419800066377717	0.14198000663776844	1.0
./iJR904.xml	obj	R_GLNS	1.7532023120946407	optimal	1.7532023109712123	1.753202312094549	1.0
./iJR904.xml	obj	R_GLNabc	0.0	optimal	0.0	0.0	1.0
./iJR904.xml	obj	R_GLTPD	0.0	optimal	-9.95061362636824e-10	0.0	1.0
./iJR904.xml	obj	R_GLU5K	0.19360909996059775	optimal	0.19360907787023549	0.1936090999605933	1.0
./iJR904.xml	obj	R_GLUABUTt7	0.0	optimal	0.0	999999.0	1.0
./iJR904.xml	obj	R_GLUCYS	0.0	optimal	0.0	0.0	1.0
./iJR904.xml	obj	R_GLUDC	0.0	optimal	-9.928252696870786e-09	0.0	1.0
./iJR904.xml	obj	R_GLUDy	-7.673387824326474	optimal	-7.673387920912296	-7.673387824326216	1.0
./iJR904.xml	obj	R_GLUN	0.0	optimal	0.0	0.0	1.0
./iJR904.xml	obj	R_GLUPRT	0.4406072921574799	optimal	0.44060729159576556	0.4406072921574441	1.0
./iJR904.xml	obj	R_GLUR	-0.025445767423392846	optimal	-0.025445767426211834	-0.025445767423392263	1.0
./iJR904.xml	obj	R_GLUSy	0.0	optimal	0.0	0.0	1.0
./iJR904.xml	obj	R_GLUTRR	0.0	optimal	4.2880261295759205e-25	0.0	1.0
./iJR904.xml	obj	R_GLUTRS	0.0	optimal	0.0	0.0	1.0
./iJR904.xml	obj	R_GLUabc	0.0	optimal	0.0	0.0	1.0
./iJR904.xml	obj	R_GLUt2r	0.0	optimal	-999999.0	0.0	1.0
./iJR904.xml	obj	R_GLUt4	0.0	optimal	0.0	999999.0	1.0
./iJR904.xml	obj	R_GLXCL	0.0	optimal	0.0	0.0	1.0
./iJR904.xml	obj	R_GLYALDt	0.0	optimal	-2.0861703706784658e-09	0.0	1.0
./iJR904.xml	obj	R_GLYAT	0.0	optimal	-1.2428874180239464e-08	0.0	1.0
./iJR904.xml	obj	R_GLYBabc	0.0	optimal	0.0	0.0	1.0
./iJR904.xml	obj	R_GLYBt2r	0.0	optimal	-2.941500222656637e-08	0.0	1.0
./iJR904.xml	obj	R_GLYC3Pabc	0.0	optimal	0.0	0.0	1.0
./iJR904.xml	obj	R_GLYC3Pt6	0.0	optimal	0.0	0.0	1.0
./iJR904.xml	obj	R_GLYCDx	0.0	optimal	0.0	0.0	1.0
./iJR904.xml	obj	R_GLYCK	0.0	optimal	-1.5267302193719727e-09	0.0	1.0
./iJR904.xml	obj	R_GLYCL	0.0	optimal	0.0	0.0	1.0
./iJR904.xml	obj	R_GLYCLTDx	0.0	optimal	0.0	0.0	1.0
./iJR904.xml	obj	R_GLYCLTDy	0.0	optimal	0.0	0.0	1.0
./iJR904.xml	obj	R_GLYCLTt2r	0.0	optimal	-8.375456340482368e-10	0.0	1.0
./iJR904.xml	obj	R_GLYCTO2	0.04609740475252331	optimal	0.0	0.046097404752522275	1.0
./iJR904.xml	obj	R_GLYCTO3	0.0	optimal	0.0	0.046097404752522275	1.0
./iJR904.xml	obj	R_GLYCTO4	0.0	optimal	0.0	0.046097404752522275	1.0
./iJR904.xml	obj	R_GLYCt	0.0	optimal	0.0	0.0	1.0
./iJR904.xml	obj	R_GLYK	0.005946565213075502	optimal	0.00594654799686074	0.005946565213075366	1.0
./iJR904.xml	obj	R_GLYOX	0.0	optimal	0.0	0.0	1.0
./iJR904.xml	obj	R_GLYt2r	0.0	optimal	-6.222728606382441e-10	0.0	1.0
./iJR904.xml	obj	R_GMAND	0.0	optimal	0.0	0.0	1.0
./iJR904.xml	obj	R_GMHEPAT	0.023233091995271727	optimal	0.023233091995271727	0.023233091995271196	1.0
./iJR904.xml	obj	R_GMHEPK	0.023233091995271727	optimal	0.023233091995271727	0.023233091995271196	1.0
./iJR904.xml	obj	R_GMHEPPA	0.023233091995271727	optimal	0.023233091995271727	0.023233091995271196	1.0
./iJR904.xml	obj	R_GMPR	0.0	optimal	0.0	0.0	1.0
./iJR904.xml	obj	R_GMPS2	0.25667956914300016	optimal	0.2566795691429999	0.2566795691429943	1.0
./iJR904.xml	obj	R_GND	5.06245928301948	optimal	5.062459274370452	5.062459283018996	1.0
./iJR904.xml	obj	R_GNK	0.0	optimal	0.0	0.0	1.0
./iJR904.xml	obj	R_GOFUCR	0.0	optimal	0.0	0.0	1.0
./iJR904.xml	obj	R_GP4GH	0.0	optimal	0.0	0.0	1.0
./iJR904.xml	obj	R_GPDDA1	0.0	optimal	0.0	0.0	1.0
./iJR904.xml	obj	R_GPDDA2	0.0	optimal	-2.499128101595529e-09	0.0	1.0
./iJR904.xml	obj	R_GPDDA3	0.0	optimal	0.0	0.0	1.0
./iJR904.xml	obj	R_GPDDA4	0.0	optimal	0.0	0.0	1.0
./iJR904.xml	obj	R_GPDDA5	0.0	optimal	0.0	0.0	1.0
./iJR904.xml	obj	R_GRTT	0.0	optimal	0.0	0.0	1.0
./iJR904.xml	obj	R_GSNK	0.0	optimal	0.0	0.47664716514107974	1.0
./iJR904.xml	obj	R_GSNt2	0.0	optimal	0.0	0.0	1.0
./iJR904.xml	obj	R_GSPMDA	0.0	optimal	0.0	0.0	1.0
./iJR904.xml	obj	R_GSPMDS	0.0	optimal	0.0	0.0	1.0
./iJR904.xml	obj	R_GTHOr	0.0	optimal	0.0	0.0	1.0
./iJR904.xml	obj	R_GTHS	0.0	optimal	0.0	0.0	1.0
./iJR904.xml	obj	R_GTPCII2	9.219480950504656e-06	optimal	9.219480950506398e-06	9.219480950504445e-06	1.0
./iJR904.xml	obj	R_GTPCI_1	0.046097404752523316	optimal	0.046097404752523	0.04609740475252226	1.0
./iJR904.xml	obj	R_GUAD	0.0	optimal	0.0	0.0	1.0
./iJR904.xml	obj	R_GUAPRT	0.0	optimal	0.0	0.0	1.0
./iJR904.xml	obj	R_GUAt	0.0	optimal	-8.836144900215003e-08	0.0	1.0
./iJR904.xml	obj	R_GUAt2r	0.0	optimal	0.0	0.0	1.0
./iJR904.xml	obj	R_GUI1	0.0	optimal	0.0	0.0	1.0
./iJR904.xml	obj	R_GUI2	0.0	optimal	0.0	0.0	1.0
./iJR904.xml	obj	R_H2Ot	-41.29449368523066	optimal	-41.29449370342343	-41.294493685324156	1.0
./iJR904.xml	obj	R_HBZOPT	0.0	optimal	0.0	0.0	1.0
./iJR904.xml	obj	R_HCINNMt2r	0.0	optimal	-8.380342514691267e-10	0.0	1.0
./iJR904.xml	obj	R_HCO3E	2.5673451724946585	optimal	2.567345171932943	2.567345172494573	1.0
./iJR904.xml	obj	R_HDCAt2	0.0	optimal	-2.759381071910539e-10	0.0	1.0
./iJR904.xml	obj	R_HEMEOS	0.0	optimal	0.0	0.0	1.0
./iJR904.xml	obj	R_HETZK	0.0	optimal	0.0	0.0	1.0
./iJR904.xml	obj	R_HEX1	0.0	optimal	0.0	0.0	1.0
./iJR904.xml	obj	R_HISTD	0.08297532855454189	optimal	0.08297532855454189	0.08297532855454	1.0
./iJR904.xml	obj	R_HISTP	0.08297532855454189	optimal	0.08297532855454189	0.08297532855454	1.0
./iJR904.xml	obj	R_HISabc	0.0	optimal	0.0	0.0	1.0
./iJR904.xml	obj	R_HISt2r	0.0	optimal	-5.164864743297461e-09	0.0	1.0
./iJR904.xml	obj	R_HKNDDH_1	0.0	optimal	-1.4373464035150564e-10	0.0	1.0
./iJR904.xml	obj	R_HKNTDH_1	0.0	optimal	0.0	0.0	1.0
./iJR904.xml	obj	R_HMBS	0.0	optimal	0.0	0.0	1.0
./iJR904.xml	obj	R_HMPK1	0.0	optimal	0.0	0.0	1.0
./iJR904.xml	obj	R_HOPNTAL	0.0	optimal	-1.471471436836874e-10	0.0	1.0
./iJR904.xml	obj	R_HPPK2	0.046097404752523316	optimal	0.046097404752523	0.04609740475252226	1.0
./iJR904.xml	obj	R_HPPPNDO_1	0.0	optimal	-1.4373464035150564e-10	0.0	1.0
./iJR904.xml	obj	R_HPPPNt2r	0.0	optimal	-1.4373464035150564e-10	0.0	1.0
./iJR904.xml	obj	R_HPYRI	0.0	optimal	-2.347665792408028e-09	0.0	1.0
./iJR904.xml	obj	R_HPYRRx	0.0	optimal	0.0	0.0	1.0
./iJR904.xml	obj	R_HPYRRy	0.0	optimal	0.0	0.0	1.0
./iJR904.xml	obj	R_HSDy	-0.13460442187736796	optimal	-0.13460444401250257	-0.13460442187736488	1.0
./iJR904.xml	obj	R_HSK	0.0	optimal	0.0	0.0	1.0
./iJR904.xml	obj	R_HSST	0.13460442187736796	optimal	0.13460442187736796	0.13460442187736488	1.0
./iJR904.xml	obj	R_HSTPT	0.08297532855454189	optimal	0.08297532855454189	0.08297532855454	1.0
./iJR904.xml	obj	R_HXPRT	0.0	optimal	0.0	0.0	1.0
./iJR904.xml	obj	R_HYD1	0.0	optimal	0.0	0.33868869609394103	1.0
./iJR904.xml	obj	R_HYD2	0.0	optimal	0.0	0.33868869609394103	1.0
./iJR904.xml	obj	R_HYD3	0.0	optimal	0.0	0.33868869609394103	1.0
./iJR904.xml	obj	R_HYPOE	0.0	optimal	0.0	0.0	1.0
./iJR904.xml	obj	R_HYXNt	0.0	optimal	-2.0714698168305286e-10	0.0	1.0
./iJR904.xml	obj	R_ICDHyr	5.046147604918771	optimal	5.046147584546589	5.046147604919321	1.0
./iJR904.xml	obj	R_ICHORS	0.0	optimal	0.0	0.0	1.0
./iJR904.xml	obj	R_ICHORT	0.0	optimal	0.0	0.0	1.0
./iJR904.xml	obj	R_ICL	0.0	optimal	0.0	0.0	1.0
./iJR904.xml	obj	R_IDOND	0.0	optimal	-1.721621581099158e-08	0.0	1.0
./iJR904.xml	obj	R_IDOND2	0.0	optimal	0.0	0.0	1.0
./iJR904.xml	obj	R_IDONt2r	0.0	optimal	-1.9514602304650244e-10	0.0	1.0
./iJR904.xml	obj	R_IG3PS	0.08297532855454189	optimal	0.08297532855454189	0.08297532855454	1.0
./iJR904.xml	obj	R_IGPDH	0.08297532855454189	optimal	0.08297532855454189	0.08297532855454	1.0
./iJR904.xml	obj	R_IGPS	0.04978519713272513	optimal	0.04978519713272513	0.049785197132723995	1.0
./iJR904.xml	obj	R_ILETA	-0.2544576742339285	optimal	-0.2544576743766043	-0.25445767423392857	1.0
./iJR904.xml	obj	R_ILEabc	0.0	optimal	0.0	-6.787401030106109e-12	1.0
./iJR904.xml	obj	R_ILEt2r	0.0	optimal	-5.164864743297461e-09	0.0	1.0
./iJR904.xml	obj	R_IMPC	-0.5235826207120218	optimal	-0.523582620836093	-0.5235826207120083	1.0
./iJR904.xml	obj	R_IMPD	0.25667956914300016	optimal	0.2566795691429999	0.25667956914142176	1.0
./iJR904.xml	obj	R_INDOLEt2r	0.0	optimal	-1.0392081978465677e-10	0.0	1.0
./iJR904.xml	obj	R_INSK	0.0	optimal	0.0	-5.0905507725795726e-12	1.0
./iJR904.xml	obj	R_INSt2_copy1	0.0	optimal	0.0	999999.0	1.0
./iJR904.xml	obj	R_INSt2_copy2	0.0	optimal	-999999.0000000002	0.0	1.0
./iJR904.xml	obj	R_IPDDI	0.0	optimal	0.0	-3.3374778642334325e-13	1.0
./iJR904.xml	obj	R_IPDPS	0.0	optimal	0.0	-3.671225650656776e-12	1.0
./iJR904.xml	obj	R_IPMD	0.3945937846815992	optimal	0.3945937846815992	0.39459378467653666	1.0
./iJR904.xml	obj	R_IPPMIa	-0.3945937846815992	optimal	-0.3945937850376361	-0.3945937846815892	1.0
./iJR904.xml	obj	R_IPPMIb	-0.3945937846815992	optimal	-0.3945937850376361	-0.3945937846815892	1.0
./iJR904.xml	obj	R_IPPS	0.3945937846815992	optimal	0.3945937846815992	0.3945937846813589	1.0
./iJR904.xml	obj	R_KARA1	-0.765271313829496	optimal	-0.7652713140557307	-0.7652713138290278	1.0
./iJR904.xml	obj	R_KARA2	0.2544576742339285	optimal	0.2544576742339285	0.25445767423374105	1.0
./iJR904.xml	obj	R_KAS14	0.0	optimal	0.0	0.296221922939496	1.0
./iJR904.xml	obj	R_KAS15	0.2962219229397146	optimal	0.0	0.296221922939496	1.0
./iJR904.xml	obj	R_KAS16	0.030977455993695637	optimal	0.030977455993695637	0.030977455993694853	1.0
./iJR904.xml	obj	R_KDOCT2	0.038721819992119544	optimal	0.038721819992119544	0.038721819992118565	1.0
./iJR904.xml	obj	R_KDOPP	0.038721819992119544	optimal	0.038721819992119544	0.038721819992118565	1.0
./iJR904.xml	obj	R_KDOPS	0.038721819992119544	optimal	0.038721819992119544	0.038721819992118565	1.0
./iJR904.xml	obj	R_KG6PDC	0.0	optimal	0.0	0.0	1.0
./iJR904.xml	obj	R_Kabc	0.0	optimal	0.0	-6.787401030106109e-12	1.0
./iJR904.xml	obj	R_Kt2r	0.0	optimal	-1.1393179496129394e-08	0.0	1.0
./iJR904.xml	obj	R_LACZ	0.0	optimal	-2.076521171834023e-10	0.0	1.0
./iJR904.xml	obj	R_LCADi_copy1	0.0	optimal	-999999.0	0.0	1.0
./iJR904.xml	obj	R_LCADi_copy2	0.0	optimal	0.0	999999.0	1.0
./iJR904.xml	obj	R_LCARS	0.0	optimal	0.0	0.0	1.0
./iJR904.xml	obj	R_LCTSt	0.0	optimal	-2.076521171834023e-10	0.0	1.0
./iJR904.xml	obj	R_LDH_D	0.0	optimal	-9.765582425253752e-09	0.0	1.0
./iJR904.xml	obj	R_LDH_D2	0.0	optimal	0.0	1.064368656703406e-09	1.0
./iJR904.xml	obj	R_LEUTAi	0.3945937846815992	optimal	0.3945937846815992	0.3945937847420523	1.0
./iJR904.xml	obj	R_LEUabc	0.0	optimal	0.0	1.9789496154209796e-09	1.0
./iJR904.xml	obj	R_LEUt2r	0.0	optimal	-5.164864743297486e-09	0.0	1.0
./iJR904.xml	obj	R_LGTHL	0.0	optimal	0.0	6.698620205942152e-10	1.0
./iJR904.xml	obj	R_LPADSS	0.007744363998423909	optimal	0.007744363998423909	0.0077443639984191934	1.0
./iJR904.xml	obj	R_LPLIPA1	0.0	optimal	0.0	2.1164090366277031e-10	1.0
./iJR904.xml	obj	R_LPLIPA2	0.0	optimal	0.0	2.718323533283287e-10	1.0
./iJR904.xml	obj	R_LPLIPA3	0.0	optimal	0.0	0.0	1.0
./iJR904.xml	obj	R_LPLIPA4	0.0	optimal	0.0	0.0	1.0
./iJR904.xml	obj	R_LPLIPA5	0.0	optimal	0.0	0.0	1.0
./iJR904.xml	obj	R_LPLIPA6	0.0	optimal	0.0	2.1164090366277016e-10	1.0
./iJR904.xml	obj	R_LPSSYN_EC	0.007744363998423909	optimal	0.007744363998423909	0.0077443639984191934	1.0
./iJR904.xml	obj	R_LYSDC	0.0	optimal	0.0	5.7870559595289164e-11	1.0
./iJR904.xml	obj	R_LYSabc	0.0	optimal	0.0	1.9753151008525393e-09	1.0
./iJR904.xml	obj	R_LYSt2r	0.0	optimal	1.5329057282779506e-09	0.0	1.0
./iJR904.xml	obj	R_L_LACD2	0.0	optimal	0.0	0.0	1.0
./iJR904.xml	obj	R_L_LACD3	0.0	optimal	0.0	0.0	1.0
./iJR904.xml	obj	R_L_LACt2r	0.0	optimal	1.3565537418388916e-10	0.0	1.0
./iJR904.xml	obj	R_M1PD	0.0	optimal	5.178735568506581e-11	0.0	1.0
./iJR904.xml	obj	R_MACPD	0.0	optimal	0.0	1.4814863256394018e-09	1.0
./iJR904.xml	obj	R_MALS	0.04609740475252331	optimal	0.04609740614607388	0.04609741133653641	1.0
./iJR904.xml	obj	R_MALTHXabc	0.0	optimal	9.056445520458534e-12	0.0	1.0
./iJR904.xml	obj	R_MALTPTabc	0.0	optimal	0.0	0.0	1.0
./iJR904.xml	obj	R_MALTTRabc	0.0	optimal	0.0	0.0	1.0
./iJR904.xml	obj	R_MALTTTRabc	0.0	optimal	0.0	0.0	1.0
./iJR904.xml	obj	R_MALTabc	0.0	optimal	0.0	0.0	1.0
./iJR904.xml	obj	R_MALTpts	0.0	optimal	0.0	0.0	1.0
./iJR904.xml	obj	R_MALt2_2	0.0	optimal	0.0	0.0	1.0
./iJR904.xml	obj	R_MALt2_3	0.0	optimal	0.0	0.0	1.0
./iJR904.xml	obj	R_MAN1PT2	0.0	optimal	0.0	0.0	1.0
./iJR904.xml	obj	R_MAN6PI	0.0	optimal	5.359812050286805e-11	0.0	1.0
./iJR904.xml	obj	R_MAN6Pt6_2	0.0	optimal	5.359812050286805e-11	0.0	1.0
./iJR904.xml	obj	R_MANAO	0.0	optimal	0.0	8.477747213959392e-11	1.0
./iJR904.xml	obj	R_MANpts	0.0	optimal	0.0	0.0	1.0
./iJR904.xml	obj	R_MCITD	0.0	optimal	0.0	7.407431628196995e-10	1.0
./iJR904.xml	obj	R_MCITL2	0.0	optimal	0.0	7.407431628196995e-10	1.0
./iJR904.xml	obj	R_MCITS	0.0	optimal	0.0	7.407431628196995e-10	1.0
./iJR904.xml	obj	R_MCOATA	2.1267378803371786	optimal	2.126737880337179	2.1267378818015668	1.0
./iJR904.xml	obj	R_MDH	5.034904447899644	optimal	5.034904449134437	5.034904453319651	1.0
./iJR904.xml	obj	R_MDH2	0.0	optimal	0.0	1.6931272293021739e-09	1.0
./iJR904.xml	obj	R_MDH3	0.0	optimal	0.0	1.6931272293021739e-09	1.0
./iJR904.xml	obj	R_MDRPD	0.006453636665353258	optimal	0.006453636665353258	0.006453636700159881	1.0
./iJR904.xml	obj	R_ME1	0.0	optimal	0.0	1.481486325639394e-09	1.0
./iJR904.xml	obj	R_ME2	0.0	optimal	0.0	1.9115952588895517e-09	1.0
./iJR904.xml	obj	R_MECDPDH	0.0	optimal	0.0	4.484891879199997e-11	1.0
./iJR904.xml	obj	R_MECDPS	0.0	optimal	0.0	4.484891879199997e-11	1.0
./iJR904.xml	obj	R_MELIBt2	0.0	optimal	0.0	0.0	1.0
./iJR904.xml	obj	R_MEPCT	0.0	optimal	0.0	0.0	1.0
./iJR904.xml	obj	R_METAT	0.006453636665353258	optimal	0.006453636665353258	0.006453636700159881	1.0
./iJR904.xml	obj	R_METDabc	0.0	optimal	0.0	0.0	1.0
./iJR904.xml	obj	R_METS_1	0.13460442187736796	optimal	0.13460442187736796	0.134604421877286	1.0
./iJR904.xml	obj	R_METabc	0.0	optimal	-1.1650070849543105e-10	0.0	1.0
./iJR904.xml	obj	R_MGSA	0.0	optimal	0.0	7.407431628196996e-10	1.0
./iJR904.xml	obj	R_MI1PP	0.0	optimal	0.0	0.0	1.0
./iJR904.xml	obj	R_MICITDr	0.0	optimal	0.0	7.407431628196995e-10	1.0
./iJR904.xml	obj	R_MLTG1	0.0	optimal	-3.671704793813343e-11	0.0	1.0
./iJR904.xml	obj	R_MLTG2	0.0	optimal	0.0	0.0	1.0
./iJR904.xml	obj	R_MLTG3	0.0	optimal	0.0	1.4814863256393696e-09	1.0
./iJR904.xml	obj	R_MLTG4	0.0	optimal	0.0	1.4814863256394057e-09	1.0
./iJR904.xml	obj	R_MLTG5	0.0	optimal	0.0	1.4814863256394053e-09	1.0
./iJR904.xml	obj	R_MLTP1	0.0	optimal	-3.873648557473103e-09	-2.8272774843120654e-25	1.0
./iJR904.xml	obj	R_MLTP2	0.0	optimal	-3.873648557473116e-09	0.0	1.0
./iJR904.xml	obj	R_MLTP3	0.0	optimal	1.1496788939427224e-09	0.0	1.0
./iJR904.xml	obj	R_MMCD	0.0	optimal	4.180651986212584e-10	7.407431628196995e-10	1.0
./iJR904.xml	obj	R_MME	0.0	optimal	4.180651986212584e-10	7.407431628196995e-10	1.0
./iJR904.xml	obj	R_MMM2	0.0	optimal	4.180651986212584e-10	7.407431628196995e-10	1.0
./iJR904.xml	obj	R_MNLpts	0.0	optimal	5.178735568506581e-11	0.0	1.0
./iJR904.xml	obj	R_MNNH	0.0	optimal	0.0	0.0	1.0
./iJR904.xml	obj	R_MOAT	0.007744363998423909	optimal	0.007744363998423909	0.0077443639984191934	1.0
./iJR904.xml	obj	R_MOAT2	0.007744363998423909	optimal	0.007744363998423909	0.0077443639984191934	1.0
./iJR904.xml	obj	R_MOHMT	5.439493760955871e-05	optimal	5.439493760794889e-05	5.439493760735901e-05	1.0
./iJR904.xml	obj	R_MTAN	0.006453636665353258	optimal	0.006453636665353258	0.006453636665349328	1.0
./iJR904.xml	obj	R_MTHFC_1	1.2502999091026943	optimal	1.250299915692669	1.250299910672883	1.0
./iJR904.xml	obj	R_MTHFD_1	1.2502999091026943	optimal	1.250299915692669	1.250299910672883	1.0
./iJR904.xml	obj	R_MTHFR2_1	0.18070182662989123	optimal	0.18070182662989132	0.18070182667299456	1.0
./iJR904.xml	obj	R_MTRI	0.006453636665353258	optimal	0.006453636665353258	0.006453636700159881	1.0
./iJR904.xml	obj	R_MTRK	0.006453636665353258	optimal	0.006453636665353258	0.006453636700159881	1.0
./iJR904.xml	obj	R_NACODA	0.0	optimal	0.0	1.4814863256394018e-09	1.0
./iJR904.xml	obj	R_NACt	0.0	optimal	4.135538434483888e-11	0.0	1.0
./iJR904.xml	obj	R_NADDP	0.0	optimal	0.0	7.407431628197009e-10	1.0
./iJR904.xml	obj	R_NADDPe	0.0	optimal	0.0	0.0	1.0
./iJR904.xml	obj	R_NADH10	0.0	optimal	0.0	1.6931272293021739e-09	1.0
./iJR904.xml	obj	R_NADH5	0.0	optimal	0.0	1.6931272293021739e-09	1.0
./iJR904.xml	obj	R_NADH6	35.14382979631403	optimal	35.14382980247328	35.14382980188285	1.0
./iJR904.xml	obj	R_NADH7	0.0	optimal	0.0	3.950630201705075e-09	1.0
./iJR904.xml	obj	R_NADH8	0.0	optimal	0.0	8.465636146510875e-09	1.0
./iJR904.xml	obj	R_NADH9	0.0	optimal	0.0	1.6931272293021739e-09	1.0
./iJR904.xml	obj	R_NADK	0.0004886324903764674	optimal	0.0004886324903772277	0.0004886339718588651	1.0
./iJR904.xml	obj	R_NADPPPS	0.0	optimal	0.0	1.4814863256394018e-09	1.0
./iJR904.xml	obj	R_NADS1	0.002516918299487473	optimal	0.002516918299487969	0.002516918669838821	1.0
./iJR904.xml	obj	R_NADTRHD	0.0	optimal	0.0	6.584383669508454e-09	1.0
./iJR904.xml	obj	R_NAMNPP	0.0	optimal	0.0	2.1164090366277202e-10	1.0
./iJR904.xml	obj	R_NAt3_1	0.0	optimal	9.197437478292488e-09	999999.0	1.0
./iJR904.xml	obj	R_NAt3_15	0.0	optimal	0.0	5.995389074087143e-09	1.0
./iJR904.xml	obj	R_NAt3_2	0.0	optimal	0.0	5.93718141317367e-09	1.0
./iJR904.xml	obj	R_NDPK1	1.2150980869374806	optimal	-999996.1557311208	999999.0	1.0
./iJR904.xml	obj	R_NDPK2	0.3496027176431365	optimal	0.34960271764313644	0.8490220015733174	1.0
./iJR904.xml	obj	R_NDPK3	0.17914281240116248	optimal	0.1557253313617189	0.17914281314186783	1.0
./iJR904.xml	obj	R_NDPK4	0.022772117947746497	optimal	0.022772117947746497	0.022772118689711105	1.0
./iJR904.xml	obj	R_NDPK5	0.0	optimal	-0.4766471644933838	0.02341748235624124	1.0
./iJR904.xml	obj	R_NDPK6	0.0	optimal	-0.49941928244113026	7.421476766467082e-10	1.0
./iJR904.xml	obj	R_NDPK7	0.0	optimal	5.748398423932599e-10	0.02341748235624124	1.0
./iJR904.xml	obj	R_NDPK8	0.0	optimal	-0.4766471644933838	0.022772118689711105	1.0
./iJR904.xml	obj	R_NH4t	9.850520309487221	optimal	9.850520309951191	9.850520310204669	1.0
./iJR904.xml	obj	R_NMNAT	0.0	optimal	0.0	7.421476766467082e-10	1.0
./iJR904.xml	obj	R_NMNDA	0.0	optimal	0.0	3.710738383233541e-10	1.0
./iJR904.xml	obj	R_NMNN	0.0	optimal	0.0	2.1204219332763127e-10	1.0
./iJR904.xml	obj	R_NMNP	0.0	optimal	0.0	0.0	1.0
./iJR904.xml	obj	R_NMNt7	0.0	optimal	0.0	0.0	1.0
./iJR904.xml	obj	R_NNAM	0.0	optimal	0.0	2.1204219332763127e-10	1.0
./iJR904.xml	obj	R_NNATr	0.002516918299487473	optimal	0.002516918299487969	0.0025169186705410775	1.0
./iJR904.xml	obj	R_NNDMBRT	0.0	optimal	0.0	0.0	1.0
./iJR904.xml	obj	R_NNDPR	0.002516918299487473	optimal	0.002516918299487969	0.002516918352859159	1.0
./iJR904.xml	obj	R_NO2t2r	0.0	optimal	0.0	0.0	1.0
./iJR904.xml	obj	R_NO3R1	0.0	optimal	0.0	0.0	1.0
./iJR904.xml	obj	R_NO3R2	0.0	optimal	0.0	0.0	1.0
./iJR904.xml	obj	R_NO3t7	0.0	optimal	0.0	0.0	1.0
./iJR904.xml	obj	R_NPHS	0.0	optimal	0.0	0.0	1.0
./iJR904.xml	obj	R_NTD1	0.4766471651410907	optimal	0.0	0.4766471666215545	1.0
./iJR904.xml	obj	R_NTD10	0.0	optimal	0.0	7.421476766467082e-10	1.0
./iJR904.xml	obj	R_NTD11	0.0	optimal	0.0	1.4842953532934164e-09	1.0
./iJR904.xml	obj	R_NTD2	0.0	optimal	0.0	1.4842953532934162e-09	1.0
./iJR904.xml	obj	R_NTD3	0.0	optimal	0.0	7.421476766467082e-10	1.0
./iJR904.xml	obj	R_NTD4	0.0	optimal	0.0	1.4842953532934164e-09	1.0
./iJR904.xml	obj	R_NTD5	0.0	optimal	0.0	1.4842953532934164e-09	1.0
./iJR904.xml	obj	R_NTD6	0.0	optimal	0.0	0.4766471659734819	1.0
./iJR904.xml	obj	R_NTD7	0.0	optimal	0.0	1.4842953532934164e-09	1.0
./iJR904.xml	obj	R_NTD8	0.0	optimal	1.1496743486563898e-09	0.4766471659734819	1.0
./iJR904.xml	obj	R_NTD9	0.0	optimal	0.0	1.4842953532934164e-09	1.0
./iJR904.xml	obj	R_NTPP1	0.0	optimal	0.0	7.421476766467082e-10	1.0
./iJR904.xml	obj	R_NTPP2	0.0	optimal	0.0	7.421476766467082e-10	1.0
./iJR904.xml	obj	R_NTPP3	0.0	optimal	0.0	7.421476766467082e-10	1.0
./iJR904.xml	obj	R_NTPP4	0.0	optimal	0.0	7.421476766467082e-10	1.0
./iJR904.xml	obj	R_NTPP5	0.0	optimal	0.0	7.421476766467082e-10	1.0
./iJR904.xml	obj	R_NTPP6	0.0	optimal	0.0	7.421476766467082e-10	1.0
./iJR904.xml	obj	R_NTPP7	0.0	optimal	0.0	7.421476766467082e-10	1.0
./iJR904.xml	obj	R_NTPP8	0.0	optimal	0.0	7.421476766467082e-10	1.0
./iJR904.xml	obj	R_NTPTP1	0.0	optimal	5.883190897940478e-09	0.0	1.0
./iJR904.xml	obj	R_NTPTP2	0.0	optimal	0.0	0.0	1.0
./iJR904.xml	obj	R_NTRIR2x	0.0	optimal	0.0	3.4924596548080403e-10	1.0
./iJR904.xml	obj	R_O2t	19.928387609126254	optimal	19.928387613854206	19.92838760944931	1.0
./iJR904.xml	obj	R_OBTFL	0.0	optimal	0.0	5.397437648339703e-10	1.0
./iJR904.xml	obj	R_OCBT	0.2590674147091808	optimal	0.2590674147091808	0.25906741510556675	1.0
./iJR904.xml	obj	R_OCDCAt2	0.0	optimal	8.154110266033833e-11	0.0	1.0
./iJR904.xml	obj	R_OCTDPS	0.0	optimal	-1.3877787807814457e-17	0.0	1.0
./iJR904.xml	obj	R_OHPBAT	0.0	optimal	0.0	0.0	1.0
./iJR904.xml	obj	R_OHPHM	0.0	optimal	-1.3877787807814457e-17	0.0	1.0
./iJR904.xml	obj	R_OMBZLM	0.0	optimal	-1.3877787807814457e-17	0.0	1.0
./iJR904.xml	obj	R_OMCDC	0.3945937846815992	optimal	0.3945937846815992	0.39459378467660433	1.0
./iJR904.xml	obj	R_OMMBLHX	0.0	optimal	-1.3877787807814457e-17	0.0	1.0
./iJR904.xml	obj	R_OMPDC	0.2905058447504018	optimal	0.29050584475040164	0.29050584475022706	1.0
./iJR904.xml	obj	R_OMPHHX	0.0	optimal	-1.3877787807814457e-17	0.0	1.0
./iJR904.xml	obj	R_OP4ENH	0.0	optimal	0.0	0.0	1.0
./iJR904.xml	obj	R_OPHBDC	0.0	optimal	-1.3877787807814457e-17	0.0	1.0
./iJR904.xml	obj	R_OPHHX	0.0	optimal	-1.3877787807814457e-17	0.0	1.0
./iJR904.xml	obj	R_ORNDC	0.03872181999211955	optimal	0.0387218215636705	0.03872181999103099	1.0
./iJR904.xml	obj	R_ORNTA	0.0	optimal	0.0	-3.2656363446737248e-12	1.0
./iJR904.xml	obj	R_ORNabc	0.0	optimal	0.0	-1.5982408463344427e-10	1.0
./iJR904.xml	obj	R_ORPT	-0.2905058447504018	optimal	-0.29050584427056336	-0.2905058447504016	1.0
./iJR904.xml	obj	R_OXGDC2	0.0	optimal	0.0	-7.061447038296415e-12	1.0
./iJR904.xml	obj	R_P5CD	0.0	optimal	0.0	-9.785148038782348e-11	1.0
./iJR904.xml	obj	R_P5CR	0.19360909996059775	optimal	0.19360909996059775	0.19360909985162658	1.0
./iJR904.xml	obj	R_PACCOAL	0.0	optimal	0.0	0.0	1.0
./iJR904.xml	obj	R_PANTS	5.439493760955871e-05	optimal	5.439493760794889e-05	5.439493760200307e-05	1.0
./iJR904.xml	obj	R_PAPA_EC	0.0	optimal	0.0	-1.198680634750826e-10	1.0
./iJR904.xml	obj	R_PAPPT3	0.025445767423392846	optimal	0.025445767423392846	0.025445767423377553	1.0
./iJR904.xml	obj	R_PAPSR	0.214868301084368	optimal	0.2148683010843664	0.21486830108075977	1.0
./iJR904.xml	obj	R_PASYN_EC	0.12487786947458555	optimal	0.12487786947458555	0.12487786945259141	1.0
./iJR904.xml	obj	R_PDH	7.960736229881325	optimal	7.960736244919535	7.960736229455353	1.0
./iJR904.xml	obj	R_PDX5POi	0.0	optimal	0.0	0.0	1.0
./iJR904.xml	obj	R_PDX5PS	0.0	optimal	0.0	0.0	1.0
./iJR904.xml	obj	R_PDXPP	0.0	optimal	0.0	-1.198680634750826e-10	1.0
./iJR904.xml	obj	R_PEAMNO	0.0	optimal	0.0	0.0	1.0
./iJR904.xml	obj	R_PEPT_EC	0.015488727996847819	optimal	0.015488727996847819	0.01548872799683851	1.0
./iJR904.xml	obj	R_PERD	0.0	optimal	0.0	0.0	1.0
./iJR904.xml	obj	R_PFK	6.5858431002354205	optimal	6.58584312649842	7.003126624018318	1.0
./iJR904.xml	obj	R_PFK_2	0.0	optimal	2.6369492375452244e-10	0.0	1.0
./iJR904.xml	obj	R_PFL	0.0	optimal	0.0	3.958120942115781e-09	1.0
./iJR904.xml	obj	R_PGAMT	-0.0663802628436335	optimal	-0.066380262836729	-0.06638026284309988	1.0
./iJR904.xml	obj	R_PGCD	1.9647801804277665	optimal	1.9647801870177353	1.964780181623624	1.0
./iJR904.xml	obj	R_PGI	4.777306138060749	optimal	4.777306143173594	4.777306141427181	1.0
./iJR904.xml	obj	R_PGK	-15.357828195446398	optimal	-15.357828181612502	-15.35782819398387	1.0
./iJR904.xml	obj	R_PGL	5.06245928301948	optimal	5.062459296326856	5.062459289667212	1.0
./iJR904.xml	obj	R_PGLYCP	0.0	optimal	0.0	0.0	1.0
./iJR904.xml	obj	R_PGM	-13.393048015018632	optimal	-13.393047967428807	-13.393048013571915	1.0
./iJR904.xml	obj	R_PGMT	-0.16023457891977091	optimal	-0.16023457303658	-0.16023457892942009	1.0
./iJR904.xml	obj	R_PGPP_EC	0.0332823262313218	optimal	0.0332823262313218	0.033282326443096436	1.0
./iJR904.xml	obj	R_PGSA_EC	0.0332823262313218	optimal	0.0332823262313218	0.033282326443096436	1.0
./iJR904.xml	obj	R_PHETA1	-0.1622628647288819	optimal	-0.16226286456966157	-0.16226286472757748	1.0
./iJR904.xml	obj	R_PHEt2r	0.0	optimal	1.592203220010958e-10	0.0	1.0
./iJR904.xml	obj	R_PIabc	0.0	optimal	0.0	1.9790604710579005e-09	1.0
./iJR904.xml	obj	R_PIt2r	0.8404819955275502	optimal	0.8404820037042215	0.8404819958120444	1.0
./iJR904.xml	obj	R_PLIPA1	0.0	optimal	0.0	2.1204219332762953e-10	1.0
./iJR904.xml	obj	R_PLIPA2	0.0	optimal	0.0	2.7234777124649655e-10	1.0
./iJR904.xml	obj	R_PLIPA3	0.0	optimal	0.0	0.0	1.0
./iJR904.xml	obj	R_PMANM	0.0	optimal	0.0	0.0	1.0
./iJR904.xml	obj	R_PMDPHT	9.219480950504656e-06	optimal	9.219480950506398e-06	9.21948095049917e-06	1.0
./iJR904.xml	obj	R_PMPK	0.0	optimal	0.0	0.0	1.0
./iJR904.xml	obj	R_PNTK	5.439493760955871e-05	optimal	5.439493760794889e-05	5.439493760735976e-05	1.0
./iJR904.xml	obj	R_PNTOt4	0.0	optimal	0.0	0.0	1.0
./iJR904.xml	obj	R_POX	0.0	optimal	0.0	-6.392963385337711e-11	1.0
./iJR904.xml	obj	R_PPA	3.097114064924467	optimal	3.097114065143294	3.0971140648044977	1.0
./iJR904.xml	obj	R_PPAKr	0.0	optimal	0.0	999999.0	1.0
./iJR904.xml	obj	R_PPBNGS	0.0	optimal	0.0	0.0	1.0
./iJR904.xml	obj	R_PPC	2.153755569262634	optimal	2.153755595250243	2.1537555692439443	1.0
./iJR904.xml	obj	R_PPCDC	5.439493760955871e-05	optimal	5.439493760794889e-05	5.439493760399694e-05	1.0
./iJR904.xml	obj	R_PPCK	0.0	optimal	0.0	-3.2656363446737248e-12	1.0
./iJR904.xml	obj	R_PPCSCT	0.0	optimal	0.0	999995.4383759829	1.0
./iJR904.xml	obj	R_PPM	-0.48310080180644394	optimal	-0.48310079595241434	-0.48310080249140414	1.0
./iJR904.xml	obj	R_PPM2	0.4766471651410907	optimal	0.4766471985926753	0.4766471650735592	1.0
./iJR904.xml	obj	R_PPNCL2	5.439493760955871e-05	optimal	5.439493760794889e-05	5.439493760200307e-05	1.0
./iJR904.xml	obj	R_PPND	0.12077520045161098	optimal	0.12077520045161098	0.1207752004482295	1.0
./iJR904.xml	obj	R_PPNDH	0.1622628647288819	optimal	0.1622628647288819	0.16226286472563772	1.0
./iJR904.xml	obj	R_PPPGO	0.0	optimal	0.0	0.0	1.0
./iJR904.xml	obj	R_PPPNDO	0.0	optimal	2.057654589578348e-10	0.0	1.0
./iJR904.xml	obj	R_PPPNt2r	0.0	optimal	2.057654589578348e-10	0.0	1.0
./iJR904.xml	obj	R_PPS	0.0	optimal	0.0	-1.19868063475086e-10	1.0
./iJR904.xml	obj	R_PPTGS	0.025445767423392846	optimal	0.025445767423392846	0.025445767423377553	1.0
./iJR904.xml	obj	R_PRAGSr	0.4406072921574799	optimal	0.44060729229517687	0.4406072921504838	1.0
./iJR904.xml	obj	R_PRAIS	0.4406072921574799	optimal	0.44060729229517687	0.4406072921504838	1.0
./iJR904.xml	obj	R_PRAIi	0.04978519713272513	optimal	0.04978519713272513	0.04978519712950932	1.0
./iJR904.xml	obj	R_PRAMPC	0.08297532855454189	optimal	0.08297532855454189	0.08297532854971336	1.0
./iJR904.xml	obj	R_PRASCSi	0.4406072921574799	optimal	0.4406072922951765	0.4406072921504838	1.0
./iJR904.xml	obj	R_PRATPP	0.08297532855454189	optimal	0.08297532855454189	0.08297532854971336	1.0
./iJR904.xml	obj	R_PRFGS	0.4406072921574799	optimal	0.4406072922951765	0.4406072921504838	1.0
./iJR904.xml	obj	R_PRMICI	0.08297532855454189	optimal	0.08297532855454189	0.08297532854971336	1.0
./iJR904.xml	obj	R_PROD2	0.0	optimal	0.0	-1.089709667955276e-10	1.0
./iJR904.xml	obj	R_PROabc	0.0	optimal	0.0	-1.5982408463344427e-10	1.0
./iJR904.xml	obj	R_PROt2r	0.0	optimal	-999998.999999953	0.0	1.0
./iJR904.xml	obj	R_PROt4	0.0	optimal	0.0	999998.9999999991	1.0
./iJR904.xml	obj	R_PRPPS	0.8663905808946363	optimal	0.8663905810323336	0.8663905807747265	1.0
./iJR904.xml	obj	R_PSCVT	0.37892066706574135	optimal	0.378920667065741	0.3789206670623595	1.0
./iJR904.xml	obj	R_PSD_EC	0.10468720619298036	optimal	0.10468720619298036	0.10468720617098622	1.0
./iJR904.xml	obj	R_PSERT	1.9647801804277665	optimal	1.9647802140170474	1.96478018032988	1.0
./iJR904.xml	obj	R_PSP_L	1.9647801804277665	optimal	1.9647802140170474	1.96478018032988	1.0
./iJR904.xml	obj	R_PSSA_EC	0.10708427124011158	optimal	0.10708427124011158	0.10708427121811742	1.0
./iJR904.xml	obj	R_PTA2	0.0	optimal	0.0	999999.0	1.0
./iJR904.xml	obj	R_PTAr	-0.5281462637825146	optimal	-0.528146257928487	-0.5281462637857756	1.0
./iJR904.xml	obj	R_PTPATi	5.439493760955871e-05	optimal	5.439493760794889e-05	5.439493760399694e-05	1.0
./iJR904.xml	obj	R_PTRCORNt7	0.0	optimal	0.0	-4.354181792898321e-12	1.0
./iJR904.xml	obj	R_PTRCTA	0.0	optimal	0.0	-1.0885454482245847e-12	1.0
./iJR904.xml	obj	R_PTRCabc	0.0	optimal	0.0	-4.354181792898321e-12	1.0
./iJR904.xml	obj	R_PTRCt2	0.0	optimal	7.805370030172743e-09	0.0	1.0
./iJR904.xml	obj	R_PUNP1	-0.006453636665353258	optimal	-0.4831007959524141	-0.006453636785221317	1.0
./iJR904.xml	obj	R_PUNP2	0.0	optimal	4.802603124711076e-09	0.4766471659734819	1.0
./iJR904.xml	obj	R_PUNP3	0.0	optimal	-0.4766471618266124	7.421476488911327e-10	1.0
./iJR904.xml	obj	R_PUNP4	0.0	optimal	5.8831908979404924e-09	0.47664716597348167	1.0
./iJR904.xml	obj	R_PUNP5	0.0	optimal	4.802604536280341e-09	7.421476766467082e-10	1.0
./iJR904.xml	obj	R_PUNP6	0.0	optimal	9.860761315262648e-32	1.2116696761578859e-09	1.0
./iJR904.xml	obj	R_PUNP7	0.0	optimal	1.772045348476929e-10	7.421476766467083e-10	1.0
./iJR904.xml	obj	R_PYAM5PO	0.0	optimal	0.0	8.604610743729952e-10	1.0
./iJR904.xml	obj	R_PYDAMK	0.0	optimal	0.0	1.4842953532934166e-09	1.0
./iJR904.xml	obj	R_PYDXK	0.0	optimal	0.0	-1.198680634750826e-10	1.0
./iJR904.xml	obj	R_PYDXNK	0.0	optimal	0.0	-3.2656363446737248e-12	1.0
./iJR904.xml	obj	R_PYDXPP	0.0	optimal	0.0	-1.198680634750826e-10	1.0
./iJR904.xml	obj	R_PYK	0.0	optimal	0.0	0.41728352372974425	1.0
./iJR904.xml	obj	R_PYNP2r	-0.4766471651410907	optimal	-0.4766471618430446	-5.99340317375413e-11	1.0
./iJR904.xml	obj	R_PYRt2	0.0	optimal	7.457359627197962e-10	0.0	1.0
./iJR904.xml	obj	R_QULNS_1	0.002516918299487473	optimal	0.002516918299487969	0.002516918295163308	1.0
./iJR904.xml	obj	R_RBFK	9.219480950504656e-06	optimal	9.219480950506398e-06	9.219480950499115e-06	1.0
./iJR904.xml	obj	R_RBFSa	1.8438961901009313e-05	optimal	1.8438961901012796e-05	1.843896190099823e-05	1.0
./iJR904.xml	obj	R_RBFSb	9.219480950504656e-06	optimal	9.219480950506398e-06	9.219480950499115e-06	1.0
./iJR904.xml	obj	R_RBK	0.0	optimal	3.602478475464358e-10	0.0	1.0
./iJR904.xml	obj	R_RBK_L1	0.0	optimal	3.443545601546813e-10	0.0	1.0
./iJR904.xml	obj	R_RBP4E	0.0	optimal	3.443545601546813e-10	0.0	1.0
./iJR904.xml	obj	R_RHCCE	0.0	optimal	0.0	0.0	1.0
./iJR904.xml	obj	R_RIBabc	0.0	optimal	3.6024784754643585e-10	0.0	1.0
./iJR904.xml	obj	R_RMI	0.0	optimal	0.0	0.0	1.0
./iJR904.xml	obj	R_RMK	0.0	optimal	2.9160784670633045e-10	0.0	1.0
./iJR904.xml	obj	R_RMNt	0.0	optimal	2.9160784670633045e-10	0.0	1.0
./iJR904.xml	obj	R_RMPA	0.0	optimal	0.0	0.0	1.0
./iJR904.xml	obj	R_RNDR1	0.0	optimal	0.0	0.4994192828403565	1.0
./iJR904.xml	obj	R_RNDR2	0.0	optimal	0.0	0.5000646465068919	1.0
./iJR904.xml	obj	R_RNDR3	0.0	optimal	0.0	0.023417481393755338	1.0
./iJR904.xml	obj	R_RNDR4	0.4994192830888372	optimal	0.0	0.4994192826477844	1.0
./iJR904.xml	obj	R_RNTR1	0.022772117947746497	optimal	0.0	0.4994192828403568	1.0
./iJR904.xml	obj	R_RNTR2	0.023417481614281824	optimal	0.0	0.5000646465068919	1.0
./iJR904.xml	obj	R_RNTR3	0.023417481614281824	optimal	0.0	0.023417481393755338	1.0
./iJR904.xml	obj	R_RNTR4	0.0	optimal	0.0	0.4994192828403568	1.0
./iJR904.xml	obj	R_RPE	2.3154338412225823	optimal	2.3154338527383667	2.3154338381981447	1.0
./iJR904.xml	obj	R_RPI	-2.708285182842878	optimal	-2.7082851755086863	-2.7082851750763086	1.0
./iJR904.xml	obj	R_RZ5PP	0.0	optimal	0.0	0.0	1.0
./iJR904.xml	obj	R_S7PI	0.023233091995271727	optimal	0.02323309199609612	0.023233091995220362	1.0
./iJR904.xml	obj	R_SADH	0.0	optimal	0.0	5.18165323968094e-10	1.0
./iJR904.xml	obj	R_SADT2	0.214868301084368	optimal	0.21486830109257796	0.21486830118080252	1.0
./iJR904.xml	obj	R_SBTPD	0.0	optimal	0.0	0.0	1.0
./iJR904.xml	obj	R_SBTpts	0.0	optimal	0.0	0.0	1.0
./iJR904.xml	obj	R_SDPDS	0.3260008464098446	optimal	0.3260008464272553	0.3260008464606053	1.0
./iJR904.xml	obj	R_SDPTA	-0.3260008464098446	optimal	-0.3260008460841918	-0.32600084640611005	1.0
./iJR904.xml	obj	R_SELNPS	0.0	optimal	0.0	0.0	1.0
./iJR904.xml	obj	R_SERASr	0.0	optimal	0.0	0.0	1.0
./iJR904.xml	obj	R_SERAT	0.214868301084368	optimal	0.2148683010909244	0.21486829996403142	1.0
./iJR904.xml	obj	R_SERD_D	0.0	optimal	0.0	0.0	1.0
./iJR904.xml	obj	R_SERD_L	0.0	optimal	0.0	-2.030135530469081e-09	1.0
./iJR904.xml	obj	R_SERt2r	0.0	optimal	-999999.0	0.0	1.0
./iJR904.xml	obj	R_SERt4	0.0	optimal	0.0	999998.9999999801	1.0
./iJR904.xml	obj	R_SGDS	0.0	optimal	0.0	-2.882308125150161e-11	1.0
./iJR904.xml	obj	R_SGSAD	0.0	optimal	0.0	-2.882308125150161e-11	1.0
./iJR904.xml	obj	R_SHCHCS2	0.0	optimal	0.0	0.0	1.0
./iJR904.xml	obj	R_SHCHD2	0.0	optimal	0.0	0.0	1.0
./iJR904.xml	obj	R_SHCHF	0.0	optimal	0.0	0.0	1.0
./iJR904.xml	obj	R_SHK3Dr	0.37892066706574135	optimal	0.37892066706963623	0.37892066726472845	1.0
./iJR904.xml	obj	R_SHKK	0.37892066706574135	optimal	0.37892066706963623	0.37892066726472845	1.0
./iJR904.xml	obj	R_SHSL1	0.13460442187736796	optimal	0.13460442187875152	0.1346044218821298	1.0
./iJR904.xml	obj	R_SOTA	0.0	optimal	0.0	1.0936501798920782e-09	1.0
./iJR904.xml	obj	R_SPMDAT1	0.0	optimal	0.0	0.0	1.0
./iJR904.xml	obj	R_SPMDAT2	0.0	optimal	0.0	0.0	1.0
./iJR904.xml	obj	R_SPMDabc	0.0	optimal	2.0906482492058967e-10	0.0	1.0
./iJR904.xml	obj	R_SPMS	0.006453636665353258	optimal	0.006453636665353258	0.006453636662532825	1.0
./iJR904.xml	obj	R_SPODM	0.0	optimal	0.0	0.0	1.0
./iJR904.xml	obj	R_SSALx	0.0	optimal	0.0	-3.265636344673761e-12	1.0
./iJR904.xml	obj	R_SSALy	0.0	optimal	0.0	-4.21372431570811e-12	1.0
./iJR904.xml	obj	R_SUCBZL	0.0	optimal	0.0	0.0	1.0
./iJR904.xml	obj	R_SUCBZS	0.0	optimal	0.0	0.0	1.0
./iJR904.xml	obj	R_SUCCabc	0.0	optimal	0.0	-4.354181792898334e-12	1.0
./iJR904.xml	obj	R_SUCCt2_2	0.0	optimal	0.0	-1.3062545378694662e-11	1.0
./iJR904.xml	obj	R_SUCCt2_3	0.0	optimal	0.0	-6.531272689347331e-12	1.0
./iJR904.xml	obj	R_SUCCt2r	0.0	optimal	2.341611009051834e-08	0.0	1.0
./iJR904.xml	obj	R_SUCD1	4.022229284711439	optimal	4.022229289372777	4.700038148661251	1.0
./iJR904.xml	obj	R_SUCD4	4.022229284711439	optimal	4.022229289372777	4.700038148661251	1.0
./iJR904.xml	obj	R_SUCFUMt	0.0	optimal	2.341611009051834e-08	0.0	1.0
./iJR904.xml	obj	R_SUCOAS	-3.5616240164242274	optimal	-999999.0	-3.561624018708244	1.0
./iJR904.xml	obj	R_SUCpts	0.0	optimal	3.10664968180654e-10	0.0	1.0
./iJR904.xml	obj	R_SULR	0.214868301084368	optimal	0.21486830106644694	0.21486830107109575	1.0
./iJR904.xml	obj	R_SULabc	0.214868301084368	optimal	0.21486830106644694	0.21486830107109575	1.0
./iJR904.xml	obj	R_TAGURr	0.0	optimal	0.0	0.0	1.0
./iJR904.xml	obj	R_TALA	1.335560708146526	optimal	1.3355607176653612	1.3355607066343074	1.0
./iJR904.xml	obj	R_TARTD	0.0	optimal	0.0	0.0	1.0
./iJR904.xml	obj	R_TARTRt7	0.0	optimal	0.0	0.0	1.0
./iJR904.xml	obj	R_TAUDO	0.0	optimal	0.0	0.0	1.0
./iJR904.xml	obj	R_TAURabc	0.0	optimal	0.0	0.0	1.0
./iJR904.xml	obj	R_TDPADGAT	0.0	optimal	9.30495264173102e-13	-1.211517656328846e-12	1.0
./iJR904.xml	obj	R_TDPAGTA	0.0	optimal	9.30495264173102e-13	-1.211517656328846e-12	1.0
./iJR904.xml	obj	R_TDPDRE	0.0	optimal	0.0	0.0	1.0
./iJR904.xml	obj	R_TDPDRR	0.0	optimal	0.0	0.0	1.0
./iJR904.xml	obj	R_TDPGDH	0.0	optimal	9.30495264173102e-13	-1.211517656328846e-12	1.0
./iJR904.xml	obj	R_TDSK	0.007744363998423909	optimal	0.007744363998423909	0.007744363998406787	1.0
./iJR904.xml	obj	R_TGBPA	0.0	optimal	0.0	0.0	1.0
./iJR904.xml	obj	R_THD2	0.0	optimal	0.0	-1.6038291010419082e-09	1.0
./iJR904.xml	obj	R_THDPS	0.3260008464098446	optimal	0.3260008464098446	0.3260008463926161	1.0
./iJR904.xml	obj	R_THMDt2_copy1	0.0	optimal	0.0	999999.0	1.0
./iJR904.xml	obj	R_THMDt2_copy2	0.0	optimal	-999999.0	0.0	1.0
./iJR904.xml	obj	R_THMabc	0.0	optimal	0.0	0.0	1.0
./iJR904.xml	obj	R_THRA	-0.4766471651410907	optimal	-0.47664715782959294	-0.47664716766139376	1.0
./iJR904.xml	obj	R_THRD	0.0	optimal	0.0	-2.4848056495015657e-10	1.0
./iJR904.xml	obj	R_THRD_L	0.2544576742339285	optimal	0.25445767421969734	0.2544576741410753	1.0
./iJR904.xml	obj	R_THRS	0.0	optimal	0.0	-2.5203028730659543e-09	1.0
./iJR904.xml	obj	R_THRabc	0.0	optimal	0.0	-5.880706703820322e-10	1.0
./iJR904.xml	obj	R_THRt2r	0.0	optimal	-999999.0	0.0	1.0
./iJR904.xml	obj	R_THRt4	0.0	optimal	0.0	999999.0	1.0
./iJR904.xml	obj	R_THZPSN	0.0	optimal	0.0	0.0	1.0
./iJR904.xml	obj	R_TKT1	1.3587938001417976	optimal	1.3587938058998217	1.358793798629579	1.0
./iJR904.xml	obj	R_TKT2	0.9566400410807846	optimal	0.9566400468385448	0.9566400395685658	1.0
./iJR904.xml	obj	R_TMAOR1	0.0	optimal	0.0	0.0	1.0
./iJR904.xml	obj	R_TMAOR1e	0.0	optimal	0.0	-7.056848044584236e-10	1.0
./iJR904.xml	obj	R_TMAOR2	0.0	optimal	0.0	0.0	1.0
./iJR904.xml	obj	R_TMAOR2e	0.0	optimal	0.0	5.34746614335063e-09	1.0
./iJR904.xml	obj	R_TMDK1	0.0	optimal	2.3378097281164074e-10	3.3421663395941927e-09	1.0
./iJR904.xml	obj	R_TMDPP	0.0	optimal	0.0	0.0	1.0
./iJR904.xml	obj	R_TMDS	0.022772117947746497	optimal	0.02277211794855453	0.022772118038257738	1.0
./iJR904.xml	obj	R_TMK	0.0	optimal	0.0	0.0	1.0
./iJR904.xml	obj	R_TMPK	0.0	optimal	0.0	0.0	1.0
./iJR904.xml	obj	R_TMPPP	0.0	optimal	0.0	0.0	1.0
./iJR904.xml	obj	R_TPI	6.848396075652106	optimal	6.848396084176662	6.848396083427088	1.0
./iJR904.xml	obj	R_TRDR	0.7838946653495154	optimal	0.7838947144734774	0.7838946672175441	1.0
./iJR904.xml	obj	R_TRE6PH	0.0	optimal	0.0	1.6710831697970986e-09	1.0
./iJR904.xml	obj	R_TRE6PP	0.0	optimal	0.0	1.114055446531399e-09	1.0
./iJR904.xml	obj	R_TRE6PS	0.0	optimal	0.0	1.3468860901852686e-09	1.0
./iJR904.xml	obj	R_TREH	0.0	optimal	0.0	4.656612873077393e-10	1.0
./iJR904.xml	obj	R_TREHe	0.0	optimal	0.0	-8.149072527885436e-10	1.0
./iJR904.xml	obj	R_TREpts	0.0	optimal	0.0	0.0	1.0
./iJR904.xml	obj	R_TRPAS2	-0.04978519713272513	optimal	-0.04978519700371075	-0.049785197135390896	1.0
./iJR904.xml	obj	R_TRPS1	0.0	optimal	0.0	-2.665825587488761e-12	1.0
./iJR904.xml	obj	R_TRPS2	0.0	optimal	0.0	-2.665825587488761e-12	1.0
./iJR904.xml	obj	R_TRPS3	0.04978519713272513	optimal	0.04978520191152311	0.04978519713263752	1.0
./iJR904.xml	obj	R_TRPt2r	0.0	optimal	2.834496899763983e-10	0.0	1.0
./iJR904.xml	obj	R_TRSARr	0.0	optimal	0.0	-2.67304850173644e-10	1.0
./iJR904.xml	obj	R_TSULabc	0.0	optimal	0.0	0.0	1.0
./iJR904.xml	obj	R_TTDCAt2	0.0	optimal	1.8599464472420918e-10	0.0	1.0
./iJR904.xml	obj	R_TYRTA	-0.12077520045161098	optimal	-0.12077520008880338	-0.12077520045161093	1.0
./iJR904.xml	obj	R_TYRt2r	0.0	optimal	3.6280760740984673e-10	0.0	1.0
./iJR904.xml	obj	R_U23GAAT	0.015488727996847819	optimal	0.015488727996847819	0.015488727996813573	1.0
./iJR904.xml	obj	R_UAAGDS	0.025445767423392846	optimal	0.025445767423392846	0.025445767423336586	1.0
./iJR904.xml	obj	R_UACMAMO	0.0	optimal	9.304952641731035e-13	-1.211517656328846e-12	1.0
./iJR904.xml	obj	R_UAG2E	0.0	optimal	9.304952641731035e-13	-1.211517656328846e-12	1.0
./iJR904.xml	obj	R_UAGAAT	0.015488727996847819	optimal	0.015488727996847819	0.015488727996813573	1.0
./iJR904.xml	obj	R_UAGCVT	0.025445767423392846	optimal	0.025445767423392846	0.025445767423336586	1.0
./iJR904.xml	obj	R_UAGDP	0.0663802628436335	optimal	0.0663802628454945	0.06638026284121054	1.0
./iJR904.xml	obj	R_UAGPT3	0.025445767423392846	optimal	0.025445767423392846	0.025445767423336586	1.0
./iJR904.xml	obj	R_UAMAGS	0.025445767423392846	optimal	0.025445767423392846	0.025445767423336586	1.0
./iJR904.xml	obj	R_UAMAS	0.025445767423392846	optimal	0.025445767423392846	0.025445767423336586	1.0
./iJR904.xml	obj	R_UAPGR	0.025445767423392846	optimal	0.025445767423392846	0.025445767423336586	1.0
./iJR904.xml	obj	R_UDCPDP	0.025445767423392846	optimal	0.02544576742432334	0.025445767422181353	1.0
./iJR904.xml	obj	R_UDCPDPS	0.0	optimal	9.304952641731035e-13	-1.211517656328846e-12	1.0
./iJR904.xml	obj	R_UDPG4E	0.0	optimal	0.0	-1.0718177467473e-11	1.0
./iJR904.xml	obj	R_UDPGALM	0.0	optimal	0.0	0.0	1.0
./iJR904.xml	obj	R_UDPGD	0.0	optimal	0.0	0.0	1.0
./iJR904.xml	obj	R_UGLT	0.0	optimal	0.0	0.0	1.0
./iJR904.xml	obj	R_UGLYCH	0.0	optimal	0.0	0.0	1.0
./iJR904.xml	obj	R_UGMDDS	0.025445767423392846	optimal	0.02544576742196973	0.025445767423336586	1.0
./iJR904.xml	obj	R_UHGADA	0.015488727996847819	optimal	0.015488727995981574	0.015488727996813573	1.0
./iJR904.xml	obj	R_UMPK	0.8003431413133092	optimal	0.3236959743595871	0.8003431410648287	1.0
./iJR904.xml	obj	R_UNK3	0.006453636665353258	optimal	0.006453636664880553	0.0064536366549755395	1.0
./iJR904.xml	obj	R_UPP3MT	0.0	optimal	0.0	0.0	1.0
./iJR904.xml	obj	R_UPP3S	0.0	optimal	0.0	0.0	1.0
./iJR904.xml	obj	R_UPPDC1	0.0	optimal	0.0	0.0	1.0
./iJR904.xml	obj	R_UPPRT	0.0	optimal	0.0	-4.4105300278652195e-10	1.0
./iJR904.xml	obj	R_URAt2_copy1	0.0	optimal	0.0	999999.0	1.0
./iJR904.xml	obj	R_URAt2_copy2	0.0	optimal	-999998.9999999993	0.0	1.0
./iJR904.xml	obj	R_UREAt	0.0	optimal	2.3064297317658727e-09	7.86392079904505e-10	1.0
./iJR904.xml	obj	R_URIDK2r	-0.4994192830888372	optimal	-0.4994192782773023	-0.022772116450854266	1.0
./iJR904.xml	obj	R_URIK2	0.4766471651410907	optimal	0.0	0.4766471681232056	1.0
./iJR904.xml	obj	R_URIt2_copy1	0.0	optimal	0.0	999999.0	1.0
./iJR904.xml	obj	R_URIt2_copy2	0.0	optimal	-999999.0	0.0	1.0
./iJR904.xml	obj	R_USHD	0.007744363998423909	optimal	0.007744363998698707	0.007744363998406787	1.0
./iJR904.xml	obj	R_VALTA	0.0	optimal	-0.370623133757009	999998.1031288932	1.0
./iJR904.xml	obj	R_VALabc	0.0	optimal	0.0	4.456221786125619e-09	1.0
./iJR904.xml	obj	R_VALt2r	0.0	optimal	1.1455267667770587e-08	0.0	1.0
./iJR904.xml	obj	R_VPAMTr	0.37062313421028714	optimal	0.0	999998.4737520274	1.0
./iJR904.xml	obj	R_X5PL3E	0.0	optimal	0.0	0.0	1.0
./iJR904.xml	obj	R_XANt	0.0	optimal	3.4365803003311745e-08	0.0	1.0
./iJR904.xml	obj	R_XANt2	0.0	optimal	0.0	5.994180116416863e-09	1.0
./iJR904.xml	obj	R_XPPT	0.0	optimal	0.0	4.0223382595080347e-10	1.0
./iJR904.xml	obj	R_XTSNt2	0.0	optimal	2.4407530542124464e-10	0.0	1.0
./iJR904.xml	obj	R_XYLI1	0.0	optimal	0.0	0.0	1.0
./iJR904.xml	obj	R_XYLI2	0.0	optimal	0.0	3.3636939810729544e-11	1.0
./iJR904.xml	obj	R_XYLK	0.0	optimal	0.0	0.0	1.0
./iJR904.xml	obj	R_XYLabc	0.0	optimal	0.0	0.0	1.0
./iJR904.xml	obj	R_XYLt2	0.0	optimal	0.0	0.0	1.0
