model	objective	reaction	status	value
./iJR904.xml	obj	R_12PPDt	optimal	0.9219480950504456
./iJR904.xml	obj	R_2DGLCNRx	optimal	0.9219480950504549
./iJR904.xml	obj	R_2DGLCNRy	optimal	0.9219480950504774
./iJR904.xml	obj	R_2DGULRx	optimal	0.9219480950504718
./iJR904.xml	obj	R_2DGULRy	optimal	0.9219480950504528
./iJR904.xml	obj	R_3HCINNMH	optimal	0.9219480950504292
./iJR904.xml	obj	R_3HPPPNH	optimal	0.9219480950504733
./iJR904.xml	obj	R_4HTHRS	optimal	0.9219480950504774
./iJR904.xml	obj	R_5DGLCNR	optimal	0.9219480950504593
./iJR904.xml	obj	R_A5PISO	optimal	6.460358032248855e-17
./iJR904.xml	obj	R_AACPS1	optimal	0.9219480950504616
./iJR904.xml	obj	R_AACPS2	optimal	0.9219480950504445
./iJR904.xml	obj	R_AACPS3	optimal	0.9219480950504292
./iJR904.xml	obj	R_AACPS4	optimal	0.9219480950504546
./iJR904.xml	obj	R_AACPS5	optimal	0.921948095050462
./iJR904.xml	obj	R_AADDGT	optimal	0.9219480950504774
./iJR904.xml	obj	R_AB6PGH	optimal	0.9219480950504744
./iJR904.xml	obj	R_ABTA	optimal	0.9219480950504683
./iJR904.xml	obj	R_ABUTD	optimal	0.9219480950504524
./iJR904.xml	obj	R_ABUTt2r	optimal	0.9219480950504635
./iJR904.xml	obj	R_ACACCT	optimal	0.92194809505047
./iJR904.xml	obj	R_ACACT1r	optimal	0.9219480950504677
./iJR904.xml	obj	R_ACACt2	optimal	0.9219480950504643
./iJR904.xml	obj	R_ACALD	optimal	0.9219480950504705
./iJR904.xml	obj	R_ACALDt	optimal	0.9219480950504573
./iJR904.xml	obj	R_ACBIPGT	optimal	0.9219480950504593
./iJR904.xml	obj	R_ACCOAC	optimal	2.0637601457749162e-17
./iJR904.xml	obj	R_ACCOAL	optimal	0.921948095050469
./iJR904.xml	obj	R_ACGAMT	optimal	0.921948095050459
./iJR904.xml	obj	R_ACGApts	optimal	0.9219480950504688
./iJR904.xml	obj	R_ACGK	optimal	8.984072203127374e-16
./iJR904.xml	obj	R_ACGS	optimal	-1.9248575994853715e-15
./iJR904.xml	obj	R_ACHBS	optimal	3.43322062732189e-16
./iJR904.xml	obj	R_ACKr	optimal	0.9189654936901669
./iJR904.xml	obj	R_ACLS	optimal	3.1584357806345324e-16
./iJR904.xml	obj	R_ACMAMUT	optimal	0.9219480950504677
./iJR904.xml	obj	R_ACMANApts	optimal	0.9219480950504676
./iJR904.xml	obj	R_ACNAMt2	optimal	0.9219480950503758
./iJR904.xml	obj	R_ACNML	optimal	0.9219480950504778
./iJR904.xml	obj	R_ACOATA	optimal	0.9219480950504743
./iJR904.xml	obj	R_ACODA	optimal	-7.713389807281909e-17
./iJR904.xml	obj	R_ACONMT	optimal	0.9219480950504666
./iJR904.xml	obj	R_ACONT	optimal	-2.5071382555804094e-15
./iJR904.xml	obj	R_ACOTA	optimal	-3.0676465060727063e-16
./iJR904.xml	obj	R_ACPS1	optimal	0.9219480950504592
./iJR904.xml	obj	R_ACS	optimal	0.9219480950504718
./iJR904.xml	obj	R_ACt2r	optimal	0.9219480950499767
./iJR904.xml	obj	R_ADA	optimal	0.9219480950504677
./iJR904.xml	obj	R_ADCL	optimal	-1.8331206462008453e-16
./iJR904.xml	obj	R_ADCS	optimal	1.108452015275579e-15
./iJR904.xml	obj	R_ADD	optimal	0.9219480950504593
./iJR904.xml	obj	R_ADEt2	optimal	0.9219480950504524
./iJR904.xml	obj	R_ADHEr	optimal	0.9219480950504485
./iJR904.xml	obj	R_ADK1	optimal	0.9219480950501074
./iJR904.xml	obj	R_ADK3	optimal	0.9219480950504513
./iJR904.xml	obj	R_ADK4	optimal	0.9219480950504643
./iJR904.xml	obj	R_ADMDC	optimal	-2.125340245106913e-14
./iJR904.xml	obj	R_ADNCYC	optimal	0.9219480950504764
./iJR904.xml	obj	R_ADNK1	optimal	0.9219182569087062
./iJR904.xml	obj	R_ADNt2_copy1	optimal	0.9219480950504679
./iJR904.xml	obj	R_ADNt2_copy2	optimal	0.9219480950504657
./iJR904.xml	obj	R_ADOCBIK	optimal	0.9219480950503758
./iJR904.xml	obj	R_ADOCBLS	optimal	0.9219480950504593
./iJR904.xml	obj	R_ADPT	optimal	0.9219480950504897
./iJR904.xml	obj	R_ADSK	optimal	1.3617918513943549e-15
./iJR904.xml	obj	R_ADSL1r	optimal	-1.3724877050906006e-14
./iJR904.xml	obj	R_ADSL2r	optimal	1.785595189814659e-14
./iJR904.xml	obj	R_ADSS	optimal	-9.30180341484308e-15
./iJR904.xml	obj	R_AGDC	optimal	0.9219480950504524
./iJR904.xml	obj	R_AGMHE	optimal	5.006779301325976e-16
./iJR904.xml	obj	R_AGMT	optimal	0.9219480950504724
./iJR904.xml	obj	R_AGPR	optimal	-5.402545131995895e-16
./iJR904.xml	obj	R_AHCYSNS	optimal	0.9219480950504774
./iJR904.xml	obj	R_AHCi	optimal	0.9219480950504538
./iJR904.xml	obj	R_AICART	optimal	-8.270487308948534e-13
./iJR904.xml	obj	R_AIRC2	optimal	3.7353271469805696e-16
./iJR904.xml	obj	R_AIRC3	optimal	1.2174468766381273e-13
./iJR904.xml	obj	R_AKGDH	optimal	0.9061290519890577
./iJR904.xml	obj	R_AKGt2r	optimal	0.9219480950504678
./iJR904.xml	obj	R_ALAALAr	optimal	2.4406198838011323e-16
./iJR904.xml	obj	R_ALAR_copy1	optimal	0.9219480950504643
./iJR904.xml	obj	R_ALAR_copy2	optimal	0.9219480950504607
./iJR904.xml	obj	R_ALATA_D2	optimal	0.9219480950504774
./iJR904.xml	obj	R_ALATA_L	optimal	3.490871008005227e-15
./iJR904.xml	obj	R_ALATA_L2	optimal	0.9219480950504682
./iJR904.xml	obj	R_ALAabc	optimal	0.9219480950504607
./iJR904.xml	obj	R_ALAt2r	optimal	0.921948095050469
./iJR904.xml	obj	R_ALCD19	optimal	0.921948095050471
./iJR904.xml	obj	R_ALDD19xr	optimal	0.9219480950504682
./iJR904.xml	obj	R_ALDD2x	optimal	0.9219480950504718
./iJR904.xml	obj	R_ALLTAHr	optimal	0.9219480950504774
./iJR904.xml	obj	R_ALLTN	optimal	0.921948095051539
./iJR904.xml	obj	R_ALLTNt2r	optimal	0.9219480950504725
./iJR904.xml	obj	R_ALTRH	optimal	0.9219480950504727
./iJR904.xml	obj	R_AMALT1	optimal	0.9219480950504707
./iJR904.xml	obj	R_AMALT2	optimal	0.9219480950504666
./iJR904.xml	obj	R_AMALT3	optimal	0.921948095050462
./iJR904.xml	obj	R_AMALT4	optimal	0.9219480950504675
./iJR904.xml	obj	R_AMANAPEr	optimal	0.9219480950514543
./iJR904.xml	obj	R_AMANK	optimal	0.9219480950504744
./iJR904.xml	obj	R_AMAOTr	optimal	0.9219480950504688
./iJR904.xml	obj	R_AMMQT8_2	optimal	0.921948095050464
./iJR904.xml	obj	R_AMPMS	optimal	0.9219480950504602
./iJR904.xml	obj	R_AMPN	optimal	0.9219480950514543
./iJR904.xml	obj	R_ANPRT	optimal	-5.004639512300443e-13
./iJR904.xml	obj	R_ANS	optimal	3.292190872583509e-16
./iJR904.xml	obj	R_AOXSr	optimal	0.9219480950504897
./iJR904.xml	obj	R_AP4AH	optimal	0.9219480950504688
./iJR904.xml	obj	R_AP5AH	optimal	0.921948095050464
./iJR904.xml	obj	R_APRAUR	optimal	0.0
./iJR904.xml	obj	R_ARAI	optimal	0.9219480950504694
./iJR904.xml	obj	R_ARBabc	optimal	0.9219480950504723
./iJR904.xml	obj	R_ARBt2r	optimal	0.9219480950504456
./iJR904.xml	obj	R_ARGDC	optimal	0.9219480950504677
./iJR904.xml	obj	R_ARGORNt7	optimal	0.921948095050471
./iJR904.xml	obj	R_ARGSL	optimal	-6.403241684660802e-16
./iJR904.xml	obj	R_ARGSS	optimal	-7.23785756899805e-17
./iJR904.xml	obj	R_ARGabc	optimal	0.9219480950504666
./iJR904.xml	obj	R_ASAD	optimal	0.0
./iJR904.xml	obj	R_ASNN	optimal	0.9219480950504616
./iJR904.xml	obj	R_ASNS1	optimal	0.9219480950504778
./iJR904.xml	obj	R_ASNS2	optimal	0.920972962440415
./iJR904.xml	obj	R_ASNabc	optimal	0.9219480950501074
./iJR904.xml	obj	R_ASNt2r	optimal	0.9219480950504705
./iJR904.xml	obj	R_ASP1DC	optimal	-1.4153177817901353e-16
./iJR904.xml	obj	R_ASPCT	optimal	-1.2844812704578473e-15
./iJR904.xml	obj	R_ASPK	optimal	-3.558441701759777e-31
./iJR904.xml	obj	R_ASPO3_1	optimal	0.921948095050464
./iJR904.xml	obj	R_ASPO4_1	optimal	0.921948095050459
./iJR904.xml	obj	R_ASPO5_1	optimal	0.9219480950504733
./iJR904.xml	obj	R_ASPO6_1	optimal	0.9219480950504795
./iJR904.xml	obj	R_ASPT	optimal	0.9219480950504456
./iJR904.xml	obj	R_ASPTA	optimal	-4.788553300895597e-15
./iJR904.xml	obj	R_ASPabc	optimal	0.921948095050466
./iJR904.xml	obj	R_ASPt2_2	optimal	0.92194809505047
./iJR904.xml	obj	R_ASPt2_3	optimal	0.9219480950504643
./iJR904.xml	obj	R_ASPt2r	optimal	0.9219480950504675
./iJR904.xml	obj	R_AST	optimal	0.9219480950504724
./iJR904.xml	obj	R_ATPM	optimal	0.9569734170435268
./iJR904.xml	obj	R_ATPPRT	optimal	-3.9269258424041856e-16
./iJR904.xml	obj	R_ATPS4r	optimal	0.3623585002172546
./iJR904.xml	obj	R_BETALDHx	optimal	0.9219480950504769
./iJR904.xml	obj	R_BETALDHy	optimal	0.9219480950504677
./iJR904.xml	obj	R_BIOMASS_Ecoli	optimal	0.0
./iJR904.xml	obj	R_BPNT	optimal	0.0
./iJR904.xml	obj	R_BSORx	optimal	0.9219480950504774
./iJR904.xml	obj	R_BSORy	optimal	0.9219480950504794
./iJR904.xml	obj	R_BTS2	optimal	0.9219480950504546
./iJR904.xml	obj	R_BUTCT	optimal	0.9219480950504744
./iJR904.xml	obj	R_BUTt2r	optimal	0.9219480950504712
./iJR904.xml	obj	R_C120SN	optimal	0.0
./iJR904.xml	obj	R_C140SN	optimal	2.5454243537146104e-16
./iJR904.xml	obj	R_C141SN	optimal	5.696245899710362e-16
./iJR904.xml	obj	R_C160SN	optimal	-3.923800813619783e-16
./iJR904.xml	obj	R_C161SN	optimal	1.3247672244924253e-15
./iJR904.xml	obj	R_C181SN	optimal	4.513638365609419e-16
./iJR904.xml	obj	R_CADVt	optimal	0.9219480950504662
./iJR904.xml	obj	R_CAT	optimal	0.9219480950504723
./iJR904.xml	obj	R_CBIAT_DELETE	optimal	0.9219480950504724
./iJR904.xml	obj	R_CBL1abc	optimal	0.9219480950504677
./iJR904.xml	obj	R_CBLAT_DELETE	optimal	0.9219480950504662
./iJR904.xml	obj	R_CBMKr	optimal	0.9130862810975928
./iJR904.xml	obj	R_CBPS	optimal	0.9219480950504546
./iJR904.xml	obj	R_CDAPPA_EC	optimal	0.921948095050471
./iJR904.xml	obj	R_CDPMEK	optimal	0.9219480950504643
./iJR904.xml	obj	R_CHLabc	optimal	0.9219480950504643
./iJR904.xml	obj	R_CHLt2	optimal	0.9219480950504677
./iJR904.xml	obj	R_CHORM	optimal	0.0
./iJR904.xml	obj	R_CHORS	optimal	-3.923800813619783e-16
./iJR904.xml	obj	R_CHRPL	optimal	0.9219480950504573
./iJR904.xml	obj	R_CINNDO	optimal	0.9219480950504743
./iJR904.xml	obj	R_CITL	optimal	0.9219480950504677
./iJR904.xml	obj	R_CITt7	optimal	0.9219480950504795
./iJR904.xml	obj	R_CLPNS_EC	optimal	-1.1614550897918808e-17
./iJR904.xml	obj	R_CMPN	optimal	0.921948095050464
./iJR904.xml	obj	R_CO2t	optimal	0.4791027545571554
./iJR904.xml	obj	R_CPPPGO	optimal	0.9219480950504726
./iJR904.xml	obj	R_CRNBTCT	optimal	0.9219480950504543
./iJR904.xml	obj	R_CRNCBCT	optimal	0.9219480950504744
./iJR904.xml	obj	R_CRNCDH	optimal	0.9219480950504658
./iJR904.xml	obj	R_CRNt7	optimal	0.9219480950503758
./iJR904.xml	obj	R_CS	optimal	-7.422942806230386e-15
./iJR904.xml	obj	R_CSND	optimal	0.9219480950504688
./iJR904.xml	obj	R_CSNt2	optimal	0.921948095050459
./iJR904.xml	obj	R_CTPS2	optimal	0.0
./iJR904.xml	obj	R_CYANST	optimal	0.9219480950504688
./iJR904.xml	obj	R_CYNTAH	optimal	0.9219480950504292
./iJR904.xml	obj	R_CYNTt2	optimal	0.9219480950504666
./iJR904.xml	obj	R_CYSDS	optimal	0.9219480950504674
./iJR904.xml	obj	R_CYSS	optimal	-1.7742721169767256e-17
./iJR904.xml	obj	R_CYSTL	optimal	-4.16835898479464e-16
./iJR904.xml	obj	R_CYSabc	optimal	0.9219480950504677
./iJR904.xml	obj	R_CYTBD	optimal	0.9219480950504708
./iJR904.xml	obj	R_CYTBO3	optimal	0.8739732910484903
./iJR904.xml	obj	R_CYTD	optimal	0.9219480950504702
./iJR904.xml	obj	R_CYTDK2	optimal	0.921948095050464
./iJR904.xml	obj	R_CYTDt2_copy1	optimal	0.9219480950504778
./iJR904.xml	obj	R_CYTDt2_copy2	optimal	0.9219480950504682
./iJR904.xml	obj	R_CYTK1	optimal	0.9190775763993352
./iJR904.xml	obj	R_CYTK2	optimal	0.9219480950504643
./iJR904.xml	obj	R_DAAD	optimal	0.9219480950504709
./iJR904.xml	obj	R_DADA	optimal	0.9219480950504658
./iJR904.xml	obj	R_DADK	optimal	0.9219480950504643
./iJR904.xml	obj	R_DADNt2	optimal	0.9219480950504769
./iJR904.xml	obj	R_DAGK_EC	optimal	5.48222557135756e-16
./iJR904.xml	obj	R_DALAt2r	optimal	0.9219480950504897
./iJR904.xml	obj	R_DAPDC	optimal	-2.4955891316667844e-16
./iJR904.xml	obj	R_DAPE	optimal	-1.494659084119472e-16
./iJR904.xml	obj	R_DAPabc	optimal	0.9219480950504897
./iJR904.xml	obj	R_DASYN_EC	optimal	-7.31440747460412e-13
./iJR904.xml	obj	R_DB4PS	optimal	1.2222691630996822e-14
./iJR904.xml	obj	R_DBTS	optimal	0.9219480950504669
./iJR904.xml	obj	R_DCTPD	optimal	0.9219480950504682
./iJR904.xml	obj	R_DCYTD	optimal	0.9219480950504699
./iJR904.xml	obj	R_DCYTt2	optimal	0.9219480950504688
./iJR904.xml	obj	R_DDGALK	optimal	0.9219480950504774
./iJR904.xml	obj	R_DDGLCNt2r	optimal	0.9219480950504726
./iJR904.xml	obj	R_DDGLK	optimal	0.9219480950503758
./iJR904.xml	obj	R_DDPA	optimal	-2.1427112665182634e-16
./iJR904.xml	obj	R_DDPGALA	optimal	0.9219480950504668
./iJR904.xml	obj	R_DGK1	optimal	0.9219480950504687
./iJR904.xml	obj	R_DGSNt2	optimal	0.9219480950504643
./iJR904.xml	obj	R_DHAD1	optimal	-9.542175504208303e-16
./iJR904.xml	obj	R_DHAD2	optimal	-3.746297564543462e-16
./iJR904.xml	obj	R_DHAPT	optimal	0.9219480950504993
./iJR904.xml	obj	R_DHAt	optimal	0.9219480950504685
./iJR904.xml	obj	R_DHBD	optimal	0.9219480950504688
./iJR904.xml	obj	R_DHBSr	optimal	0.9219480950504682
./iJR904.xml	obj	R_DHCIND	optimal	0.9219480950504478
./iJR904.xml	obj	R_DHCINDO_1	optimal	0.9219480950504485
./iJR904.xml	obj	R_DHDPRy	optimal	2.0426877770915322e-15
./iJR904.xml	obj	R_DHDPS	optimal	4.6640274381293685e-17
./iJR904.xml	obj	R_DHFR	optimal	7.544547482732777e-16
./iJR904.xml	obj	R_DHFS_1	optimal	1.0957690402153433e-16
./iJR904.xml	obj	R_DHNAOT	optimal	0.921948095050471
./iJR904.xml	obj	R_DHNPA2r	optimal	8.848387804450743e-17
./iJR904.xml	obj	R_DHORD2	optimal	0.9219480950504643
./iJR904.xml	obj	R_DHORD5	optimal	0.9219480950504693
./iJR904.xml	obj	R_DHORTS	optimal	9.381958451464279e-17
./iJR904.xml	obj	R_DHPPD	optimal	0.9219480950504643
./iJR904.xml	obj	R_DHPPDA2	optimal	-2.3176784342237454e-12
./iJR904.xml	obj	R_DHPS2_1	optimal	-7.900828836078914e-16
./iJR904.xml	obj	R_DHPTDCs	optimal	0.9219480950504579
./iJR904.xml	obj	R_DHQS	optimal	0.0
./iJR904.xml	obj	R_DHQTi	optimal	-3.225650072443455e-16
./iJR904.xml	obj	R_DINSt2	optimal	0.921948095050481
./iJR904.xml	obj	R_DKGLCNR1	optimal	0.9219480950504721
./iJR904.xml	obj	R_DKGLCNR2x	optimal	0.9219480950504478
./iJR904.xml	obj	R_DKGLCNR2y	optimal	0.9219480950504643
./iJR904.xml	obj	R_DKMPPD	optimal	0.9219182569086996
./iJR904.xml	obj	R_DKMPPD2	optimal	0.9219480950504677
./iJR904.xml	obj	R_DMATT	optimal	0.9219480950504677
./iJR904.xml	obj	R_DMPPS	optimal	0.921948095050471
./iJR904.xml	obj	R_DMQMT	optimal	0.92194809505047
./iJR904.xml	obj	R_DMSOR1	optimal	0.9219480950504679
./iJR904.xml	obj	R_DMSOR1e	optimal	0.921948095050499
./iJR904.xml	obj	R_DMSOR2	optimal	0.9219480950504683
./iJR904.xml	obj	R_DMSOR2e	optimal	0.9219480950504643
./iJR904.xml	obj	R_DNMPPA	optimal	-5.59096188909631e-16
./iJR904.xml	obj	R_DNTPPA	optimal	1.567705435959389e-16
./iJR904.xml	obj	R_DOGULNR	optimal	0.9219480950504682
./iJR904.xml	obj	R_DPCOAK	optimal	-6.557988289880944e-11
./iJR904.xml	obj	R_DPR	optimal	-1.20505280348173e-15
./iJR904.xml	obj	R_DRPA	optimal	0.920738105500299
./iJR904.xml	obj	R_DSERt2	optimal	0.9219480950504679
./iJR904.xml	obj	R_DTMPK	optimal	-8.135048046233032e-15
./iJR904.xml	obj	R_DURIK1	optimal	0.9219480950504755
./iJR904.xml	obj	R_DURIPP	optimal	0.9219480950504897
./iJR904.xml	obj	R_DURIt2	optimal	0.9219480950504712
./iJR904.xml	obj	R_DUTPDP	optimal	0.9219480950504727
./iJR904.xml	obj	R_DXPRIi	optimal	0.9219480950504726
./iJR904.xml	obj	R_DXPS	optimal	0.9219480950504702
./iJR904.xml	obj	R_DXYLK	optimal	0.921948095050496
./iJR904.xml	obj	R_D_LACt2	optimal	0.9219480950504726
./iJR904.xml	obj	R_E4PD	optimal	0.921948095050471
./iJR904.xml	obj	R_ECAP_EC	optimal	0.9219480950504838
./iJR904.xml	obj	R_EDA	optimal	0.9219480950504685
./iJR904.xml	obj	R_EDD	optimal	0.9219480950504848
./iJR904.xml	obj	R_EDTXS1	optimal	6.011484809258178e-16
./iJR904.xml	obj	R_EDTXS2	optimal	-8.612895965857465e-16
./iJR904.xml	obj	R_EDTXS3	optimal	0.9219480950504682
./iJR904.xml	obj	R_EDTXS4	optimal	0.9219480950504848
./iJR904.xml	obj	R_ENO	optimal	0.7452932943570626
./iJR904.xml	obj	R_ENTCS_1	optimal	0.9219480950504646
./iJR904.xml	obj	R_ETHAAL	optimal	0.9219480950504642
./iJR904.xml	obj	R_ETOHt2r	optimal	0.9219480950504756
./iJR904.xml	obj	R_EX_12ppd__S_e	optimal	0.9219480950504602
./iJR904.xml	obj	R_EX_15dap_e	optimal	0.9219480950504709
./iJR904.xml	obj	R_EX_26dap__M_e	optimal	0.9219480950504592
./iJR904.xml	obj	R_EX_2ddglcn_e	optimal	0.9219480950504744
./iJR904.xml	obj	R_EX_3hcinnm_e	optimal	0.9219480950504466
./iJR904.xml	obj	R_EX_3hpppn_e	optimal	0.921948095050499
./iJR904.xml	obj	R_EX_4abut_e	optimal	0.9219480950504639
./iJR904.xml	obj	R_EX_ac_e	optimal	0.9219480950504583
./iJR904.xml	obj	R_EX_acac_e	optimal	0.9219480950504699
./iJR904.xml	obj	R_EX_acald_e	optimal	0.9219480950504573
./iJR904.xml	obj	R_EX_acgam_e	optimal	0.9219480950504643
./iJR904.xml	obj	R_EX_acmana_e	optimal	0.9219480950504723
./iJR904.xml	obj	R_EX_acnam_e	optimal	0.9219480950497335
./iJR904.xml	obj	R_EX_ade_e	optimal	0.9219480950504305
./iJR904.xml	obj	R_EX_adn_e	optimal	0.9219480950504995
./iJR904.xml	obj	R_EX_akg_e	optimal	0.9219480950504696
./iJR904.xml	obj	R_EX_ala__D_e	optimal	0.9219480950504678
./iJR904.xml	obj	R_EX_ala__L_e	optimal	0.9219480950504708
./iJR904.xml	obj	R_EX_alltn_e	optimal	0.9219480950504725
./iJR904.xml	obj	R_EX_amp_e	optimal	0.9219480950504707
./iJR904.xml	obj	R_EX_arab__L_e	optimal	0.9219480950504592
./iJR904.xml	obj	R_EX_arg__L_e	optimal	0.9219480950504699
./iJR904.xml	obj	R_EX_asn__L_e	optimal	0.9219480950504931
./iJR904.xml	obj	R_EX_asp__L_e	optimal	0.9219480950504646
./iJR904.xml	obj	R_EX_but_e	optimal	0.9219480950504598
./iJR904.xml	obj	R_EX_cbl1_e	optimal	0.9219480950504677
./iJR904.xml	obj	R_EX_chol_e	optimal	0.9219480950504688
./iJR904.xml	obj	R_EX_cit_e	optimal	0.9219480950504616
./iJR904.xml	obj	R_EX_co2_e	optimal	0.47910275455716156
./iJR904.xml	obj	R_EX_crn_e	optimal	0.9219480950504693
./iJR904.xml	obj	R_EX_csn_e	optimal	0.9219480950504614
./iJR904.xml	obj	R_EX_cynt_e	optimal	0.9219480950504778
./iJR904.xml	obj	R_EX_cys__L_e	optimal	0.92194809505046
./iJR904.xml	obj	R_EX_cytd_e	optimal	0.9219480950504688
./iJR904.xml	obj	R_EX_dad_2_e	optimal	0.9219480950504614
./iJR904.xml	obj	R_EX_dcyt_e	optimal	0.9219480950504565
./iJR904.xml	obj	R_EX_dgsn_e	optimal	0.9219480950504568
./iJR904.xml	obj	R_EX_dha_e	optimal	0.9219480950504721
./iJR904.xml	obj	R_EX_din_e	optimal	0.9219480950504614
./iJR904.xml	obj	R_EX_dms_e	optimal	0.9219480950504774
./iJR904.xml	obj	R_EX_dmso_e	optimal	0.921948095050206
./iJR904.xml	obj	R_EX_duri_e	optimal	0.9219480950504723
./iJR904.xml	obj	R_EX_etoh_e	optimal	0.921948095050469
./iJR904.xml	obj	R_EX_fe2_e	optimal	0.9219480950504508
./iJR904.xml	obj	R_EX_for_e	optimal	0.9219480950504667
./iJR904.xml	obj	R_EX_fru_e	optimal	0.9219480950504666
./iJR904.xml	obj	R_EX_fuc1p__L_e	optimal	0.92194809505047
./iJR904.xml	obj	R_EX_fuc__L_e	optimal	0.9219480950504675
./iJR904.xml	obj	R_EX_fum_e	optimal	0.9219480950504688
./iJR904.xml	obj	R_EX_g6p_e	optimal	0.9219480950504666
./iJR904.xml	obj	R_EX_gal_e	optimal	0.9219480950504616
./iJR904.xml	obj	R_EX_galct__D_e	optimal	0.9219480950504694
./iJR904.xml	obj	R_EX_galctn__D_e	optimal	0.9219480950504682
./iJR904.xml	obj	R_EX_galt_e	optimal	0.9219480950504595
./iJR904.xml	obj	R_EX_galur_e	optimal	0.9219480950504831
./iJR904.xml	obj	R_EX_gam_e	optimal	0.9219480950504702
./iJR904.xml	obj	R_EX_gbbtn_e	optimal	0.9219480950503869
./iJR904.xml	obj	R_EX_glc__D_e	infeasible	NaN
./iJR904.xml	obj	R_EX_glcn_e	optimal	0.9219480950504702
./iJR904.xml	obj	R_EX_glcr_e	optimal	0.9219480950504508
./iJR904.xml	obj	R_EX_glcur_e	optimal	0.9219480950504592
./iJR904.xml	obj	R_EX_gln__L_e	optimal	0.9219480950504592
./iJR904.xml	obj	R_EX_glu__L_e	optimal	0.9219480950504567
./iJR904.xml	obj	R_EX_gly_e	optimal	0.9219480950504534
./iJR904.xml	obj	R_EX_glyald_e	optimal	0.9219480950504897
./iJR904.xml	obj	R_EX_glyb_e	optimal	0.9219480950501074
./iJR904.xml	obj	R_EX_glyc3p_e	optimal	0.9219480950504685
./iJR904.xml	obj	R_EX_glyc_e	optimal	0.9219480950504663
./iJR904.xml	obj	R_EX_glyclt_e	optimal	0.9219480950504445
./iJR904.xml	obj	R_EX_gsn_e	optimal	0.9219480950504774
./iJR904.xml	obj	R_EX_gua_e	optimal	0.92194809505047
./iJR904.xml	obj	R_EX_h2o_e	optimal	0.2880996696567332
./iJR904.xml	obj	R_EX_h_e	optimal	1.5264002177435244e-14
./iJR904.xml	obj	R_EX_hdca_e	optimal	0.9219480950504608
./iJR904.xml	obj	R_EX_his__L_e	optimal	0.9219480950504573
./iJR904.xml	obj	R_EX_hxan_e	optimal	0.921948095050471
./iJR904.xml	obj	R_EX_idon__L_e	optimal	0.9219480950504643
./iJR904.xml	obj	R_EX_ile__L_e	optimal	0.9219480950504683
./iJR904.xml	obj	R_EX_indole_e	optimal	0.9219480950504702
./iJR904.xml	obj	R_EX_ins_e	optimal	0.9219480950504445
./iJR904.xml	obj	R_EX_k_e	optimal	0.9219480950504897
./iJR904.xml	obj	R_EX_lac__D_e	optimal	0.9219480950504643
./iJR904.xml	obj	R_EX_lac__L_e	optimal	0.9219480950504589
./iJR904.xml	obj	R_EX_lcts_e	optimal	0.921948095050466
./iJR904.xml	obj	R_EX_leu__L_e	optimal	0.921948095050499
./iJR904.xml	obj	R_EX_lys__L_e	optimal	0.9219480950504674
./iJR904.xml	obj	R_EX_mal__L_e	optimal	0.9219480950504542
./iJR904.xml	obj	R_EX_malt_e	optimal	0.9219480950497335
./iJR904.xml	obj	R_EX_malthx_e	optimal	0.9219480950504645
./iJR904.xml	obj	R_EX_maltpt_e	optimal	0.9219480950504456
./iJR904.xml	obj	R_EX_malttr_e	optimal	0.9219480950504413
./iJR904.xml	obj	R_EX_maltttr_e	optimal	0.9219480950504831
./iJR904.xml	obj	R_EX_man6p_e	optimal	0.9219480950504724
./iJR904.xml	obj	R_EX_man_e	optimal	0.92194809505046
./iJR904.xml	obj	R_EX_melib_e	optimal	0.9219480950504643
./iJR904.xml	obj	R_EX_met__D_e	optimal	0.9219480950504629
./iJR904.xml	obj	R_EX_met__L_e	optimal	0.9219480950504666
./iJR904.xml	obj	R_EX_mnl_e	optimal	0.9219480950504646
./iJR904.xml	obj	R_EX_na1_e	optimal	0.9219480950504619
./iJR904.xml	obj	R_EX_nac_e	optimal	0.9219480950504774
./iJR904.xml	obj	R_EX_nad_e	optimal	0.921948095050466
./iJR904.xml	obj	R_EX_nh4_e	optimal	-4.267593325097307e-16
./iJR904.xml	obj	R_EX_nmn_e	optimal	0.9219480950504688
./iJR904.xml	obj	R_EX_no2_e	optimal	0.9219480950504702
./iJR904.xml	obj	R_EX_no3_e	optimal	0.9219480950504512
./iJR904.xml	obj	R_EX_o2_e	optimal	0.21625391874423364
./iJR904.xml	obj	R_EX_ocdca_e	optimal	0.9219480950503758
./iJR904.xml	obj	R_EX_orn_e	optimal	0.9219480950504721
./iJR904.xml	obj	R_EX_phe__L_e	optimal	0.9219480950497335
./iJR904.xml	obj	R_EX_pi_e	optimal	-7.281783733388343e-14
./iJR904.xml	obj	R_EX_pnto__R_e	optimal	0.92194809505047
./iJR904.xml	obj	R_EX_pppn_e	optimal	0.9219480950503758
./iJR904.xml	obj	R_EX_pro__L_e	optimal	0.9219480950504677
./iJR904.xml	obj	R_EX_ptrc_e	optimal	0.9219480950504831
./iJR904.xml	obj	R_EX_pyr_e	optimal	0.92194809505047
./iJR904.xml	obj	R_EX_rib__D_e	optimal	0.9219480950504688
./iJR904.xml	obj	R_EX_rmn_e	optimal	0.9219480950504616
./iJR904.xml	obj	R_EX_sbt__D_e	optimal	0.9219480950504542
./iJR904.xml	obj	R_EX_ser__D_e	optimal	0.9219480950504619
./iJR904.xml	obj	R_EX_ser__L_e	optimal	0.9219480950504616
./iJR904.xml	obj	R_EX_so4_e	optimal	1.3796755552458252e-18
./iJR904.xml	obj	R_EX_spmd_e	optimal	0.921948095050471
./iJR904.xml	obj	R_EX_succ_e	optimal	0.9219480950504682
./iJR904.xml	obj	R_EX_sucr_e	optimal	0.9219480950504619
./iJR904.xml	obj	R_EX_tartr__L_e	optimal	0.9219480950504726
./iJR904.xml	obj	R_EX_taur_e	optimal	0.9219480950504543
./iJR904.xml	obj	R_EX_thm_e	optimal	0.9219480950504602
./iJR904.xml	obj	R_EX_thr__L_e	optimal	0.9219480950503758
./iJR904.xml	obj	R_EX_thymd_e	optimal	0.9219480950504643
./iJR904.xml	obj	R_EX_tma_e	optimal	0.9219480950504614
./iJR904.xml	obj	R_EX_tmao_e	optimal	0.9219480950521296
./iJR904.xml	obj	R_EX_tre_e	optimal	0.9219480950504685
./iJR904.xml	obj	R_EX_trp__L_e	optimal	0.9219480950504728
./iJR904.xml	obj	R_EX_tsul_e	optimal	0.9219480950504995
./iJR904.xml	obj	R_EX_ttdca_e	optimal	0.9219480950504688
./iJR904.xml	obj	R_EX_tyr__L_e	optimal	0.9219480950504677
./iJR904.xml	obj	R_EX_ura_e	optimal	0.921948095050474
./iJR904.xml	obj	R_EX_urea_e	optimal	0.9219480950504709
./iJR904.xml	obj	R_EX_uri_e	optimal	0.9219480950504733
./iJR904.xml	obj	R_EX_val__L_e	optimal	0.9219480950504688
./iJR904.xml	obj	R_EX_xan_e	optimal	0.9219480950504774
./iJR904.xml	obj	R_EX_xtsn_e	optimal	0.9219480950504635
./iJR904.xml	obj	R_EX_xyl__D_e	optimal	0.9219480950504838
./iJR904.xml	obj	R_F6PA	optimal	0.9219480950504677
./iJR904.xml	obj	R_FAO1	optimal	0.9219480950504843
./iJR904.xml	obj	R_FAO2	optimal	0.9219480950504612
./iJR904.xml	obj	R_FAO3	optimal	0.921948095050464
./iJR904.xml	obj	R_FAO4	optimal	0.9219480950504513
./iJR904.xml	obj	R_FBA	optimal	0.9082821457907541
./iJR904.xml	obj	R_FBP	optimal	0.9219480950504629
./iJR904.xml	obj	R_FCI	optimal	0.92194809505048
./iJR904.xml	obj	R_FCLK	optimal	0.9219480950504677
./iJR904.xml	obj	R_FCLPA	optimal	0.9219480950504292
./iJR904.xml	obj	R_FCLT	optimal	0.9219480950504619
./iJR904.xml	obj	R_FDH2	optimal	0.9219480950504827
./iJR904.xml	obj	R_FDH3	optimal	0.9219480950504292
./iJR904.xml	obj	R_FE2abc	optimal	0.9219480950504682
./iJR904.xml	obj	R_FFSD	optimal	0.9219480950504662
./iJR904.xml	obj	R_FHL	optimal	0.9219480950504503
./iJR904.xml	obj	R_FMNAT	optimal	0.0
./iJR904.xml	obj	R_FORt	optimal	0.9219480950504322
./iJR904.xml	obj	R_FRD2	optimal	0.9219480950504847
./iJR904.xml	obj	R_FRD3	optimal	0.9219480950504667
./iJR904.xml	obj	R_FRUK	optimal	0.9219480950504714
./iJR904.xml	obj	R_FRUpts	optimal	0.9219480950504709
./iJR904.xml	obj	R_FRUpts2	optimal	0.9219480950504693
./iJR904.xml	obj	R_FTHFD	optimal	0.9217166524181097
./iJR904.xml	obj	R_FUCPt6_2	optimal	0.9219480950504546
./iJR904.xml	obj	R_FUCt	optimal	0.9219480950504696
./iJR904.xml	obj	R_FUM	optimal	0.8458432199327678
./iJR904.xml	obj	R_FUMt2_2	optimal	0.921948095050469
./iJR904.xml	obj	R_FUMt2_3	optimal	0.9219480950504831
./iJR904.xml	obj	R_G1PACT	optimal	-4.583153172990243e-15
./iJR904.xml	obj	R_G1PP	optimal	0.9219480950504619
./iJR904.xml	obj	R_G1PTT	optimal	0.9219480950504542
./iJR904.xml	obj	R_G1SAT	optimal	0.9219480950504682
./iJR904.xml	obj	R_G3PD2	optimal	9.568223479963235e-16
./iJR904.xml	obj	R_G3PD5	optimal	0.9219480950504569
./iJR904.xml	obj	R_G3PD6	optimal	0.9219480950504708
./iJR904.xml	obj	R_G3PD7	optimal	0.921948095050499
./iJR904.xml	obj	R_G5SADs	optimal	5.707076638179716e-16
./iJR904.xml	obj	R_G5SD	optimal	0.9210537901591422
./iJR904.xml	obj	R_G6PDA	optimal	0.9219480950504569
./iJR904.xml	obj	R_G6PDH2r	optimal	0.901492768026567
./iJR904.xml	obj	R_G6Pt6_2	optimal	0.9219480950504688
./iJR904.xml	obj	R_GALCTD	optimal	0.921948095050496
./iJR904.xml	obj	R_GALCTND	optimal	0.9219480950504744
./iJR904.xml	obj	R_GALCTNt2r	optimal	0.9219480950504702
./iJR904.xml	obj	R_GALCTt2r	optimal	0.9219480950504707
./iJR904.xml	obj	R_GALKr	optimal	0.9219480950504643
./iJR904.xml	obj	R_GALS3	optimal	0.9219480950504292
./iJR904.xml	obj	R_GALTpts	optimal	0.9219480950504724
./iJR904.xml	obj	R_GALURt2r	optimal	0.9219480950504708
./iJR904.xml	obj	R_GALUi_copy1	optimal	0.9219480950504643
./iJR904.xml	obj	R_GALUi_copy2	optimal	0.9219480950521296
./iJR904.xml	obj	R_GALabc	optimal	0.9219480950504827
./iJR904.xml	obj	R_GALt2	optimal	0.9219480950504549
./iJR904.xml	obj	R_GAMpts	optimal	0.9219480950504677
./iJR904.xml	obj	R_GAPD	optimal	0.6250126844973307
./iJR904.xml	obj	R_GARFT	optimal	0.9195771553897373
./iJR904.xml	obj	R_GART	optimal	0.9219480950504602
./iJR904.xml	obj	R_GCALDD	optimal	0.0
./iJR904.xml	obj	R_GDMANE	optimal	0.9219480950504485
./iJR904.xml	obj	R_GF6PTA	optimal	-4.073784825449667e-16
./iJR904.xml	obj	R_GHMT2r	optimal	0.8894834975900993
./iJR904.xml	obj	R_GK1	optimal	2.997709119128588e-16
./iJR904.xml	obj	R_GLCDe	optimal	0.9219480950503758
./iJR904.xml	obj	R_GLCNt2r	optimal	0.9219480950504643
./iJR904.xml	obj	R_GLCP	optimal	0.9219480950504645
./iJR904.xml	obj	R_GLCRAL	optimal	0.9219480950504771
./iJR904.xml	obj	R_GLCRD	optimal	0.9219480950504743
./iJR904.xml	obj	R_GLCRt2r	optimal	0.921948095050461
./iJR904.xml	obj	R_GLCS1	optimal	1.784995113168899e-15
./iJR904.xml	obj	R_GLCURt2r	optimal	0.9219480950504556
./iJR904.xml	obj	R_GLCpts	optimal	0.8989725270624638
./iJR904.xml	obj	R_GLCt2	optimal	0.9219480950504838
./iJR904.xml	obj	R_GLGC	optimal	-5.968966044373015e-15
./iJR904.xml	obj	R_GLNS	optimal	-6.700446623160279e-15
./iJR904.xml	obj	R_GLNabc	optimal	0.9219480950504688
./iJR904.xml	obj	R_GLTPD	optimal	0.9219480950504897
./iJR904.xml	obj	R_GLU5K	optimal	0.9210537901591547
./iJR904.xml	obj	R_GLUABUTt7	optimal	0.9219480950504685
./iJR904.xml	obj	R_GLUCYS	optimal	0.92194809505047
./iJR904.xml	obj	R_GLUDC	optimal	0.9219480950504643
./iJR904.xml	obj	R_GLUDy	optimal	0.8529802577997417
./iJR904.xml	obj	R_GLUN	optimal	0.9219480950504292
./iJR904.xml	obj	R_GLUPRT	optimal	1.145788293247561e-13
./iJR904.xml	obj	R_GLUR	optimal	-7.439289480607142e-16
./iJR904.xml	obj	R_GLUSy	optimal	0.9219480950504579
./iJR904.xml	obj	R_GLUTRR	optimal	0.92194809505047
./iJR904.xml	obj	R_GLUTRS	optimal	0.9219480950504677
./iJR904.xml	obj	R_GLUabc	optimal	0.9219480950504549
./iJR904.xml	obj	R_GLUt2r	optimal	0.921948095050461
./iJR904.xml	obj	R_GLUt4	optimal	0.9219480950504744
./iJR904.xml	obj	R_GLXCL	optimal	0.9219480950504569
./iJR904.xml	obj	R_GLYALDt	optimal	0.9219480950504524
./iJR904.xml	obj	R_GLYAT	optimal	0.9219480950504733
./iJR904.xml	obj	R_GLYBabc	optimal	0.9219480950504456
./iJR904.xml	obj	R_GLYBt2r	optimal	0.9219480950504683
./iJR904.xml	obj	R_GLYC3Pabc	optimal	0.9219480950504702
./iJR904.xml	obj	R_GLYC3Pt6	optimal	0.9219480950504727
./iJR904.xml	obj	R_GLYCDx	optimal	0.9219480950504724
./iJR904.xml	obj	R_GLYCK	optimal	0.9219480950504643
./iJR904.xml	obj	R_GLYCL	optimal	0.9219480950504721
./iJR904.xml	obj	R_GLYCLTDx	optimal	0.9219480950504682
./iJR904.xml	obj	R_GLYCLTDy	optimal	0.9219480950504694
./iJR904.xml	obj	R_GLYCLTt2r	optimal	0.9219480950504674
./iJR904.xml	obj	R_GLYCTO2	optimal	0.9219480950504724
./iJR904.xml	obj	R_GLYCTO3	optimal	0.9219480950504598
./iJR904.xml	obj	R_GLYCTO4	optimal	0.9219480950504666
./iJR904.xml	obj	R_GLYCt	optimal	0.9219480950504699
./iJR904.xml	obj	R_GLYK	optimal	0.9219419088056079
./iJR904.xml	obj	R_GLYOX	optimal	0.9219480950504677
./iJR904.xml	obj	R_GLYt2r	optimal	0.9219480950504723
./iJR904.xml	obj	R_GMAND	optimal	0.9219480950504899
./iJR904.xml	obj	R_GMHEPAT	optimal	-1.029997713575193e-15
./iJR904.xml	obj	R_GMHEPK	optimal	1.20633524725602e-12
./iJR904.xml	obj	R_GMHEPPA	optimal	3.727307926064207e-16
./iJR904.xml	obj	R_GMPR	optimal	0.9219480950504602
./iJR904.xml	obj	R_GMPS2	optimal	-1.248309197111492e-15
./iJR904.xml	obj	R_GND	optimal	0.9014927680265591
./iJR904.xml	obj	R_GNK	optimal	0.9219480950504662
./iJR904.xml	obj	R_GOFUCR	optimal	0.9219480950504556
./iJR904.xml	obj	R_GP4GH	optimal	0.92194809505047
./iJR904.xml	obj	R_GPDDA1	optimal	0.9219480950504707
./iJR904.xml	obj	R_GPDDA2	optimal	0.9219480950504592
./iJR904.xml	obj	R_GPDDA3	optimal	0.9219480950504897
./iJR904.xml	obj	R_GPDDA4	optimal	0.9219480950504474
./iJR904.xml	obj	R_GPDDA5	optimal	0.9219480950504897
./iJR904.xml	obj	R_GRTT	optimal	0.9219480950504708
./iJR904.xml	obj	R_GSNK	optimal	0.9219480950504549
./iJR904.xml	obj	R_GSNt2	optimal	0.9219480950504543
./iJR904.xml	obj	R_GSPMDA	optimal	0.9219480950504679
./iJR904.xml	obj	R_GSPMDS	optimal	0.9219480950504646
./iJR904.xml	obj	R_GTHOr	optimal	0.9219480950499767
./iJR904.xml	obj	R_GTHS	optimal	0.9219480950504677
./iJR904.xml	obj	R_GTPCII2	optimal	-5.781152825799787e-16
./iJR904.xml	obj	R_GTPCI_1	optimal	-3.0174796504365965e-16
./iJR904.xml	obj	R_GUAD	optimal	0.9219480950504556
./iJR904.xml	obj	R_GUAPRT	optimal	0.9219480950504694
./iJR904.xml	obj	R_GUAt	optimal	0.9219480950504658
./iJR904.xml	obj	R_GUAt2r	optimal	0.9219480950504715
./iJR904.xml	obj	R_GUI1	optimal	0.9219480950504756
./iJR904.xml	obj	R_GUI2	optimal	0.9219480950504723
./iJR904.xml	obj	R_H2Ot	optimal	0.28809966965673334
./iJR904.xml	obj	R_HBZOPT	optimal	0.9219480950504769
./iJR904.xml	obj	R_HCINNMt2r	optimal	0.9219480950504584
./iJR904.xml	obj	R_HCO3E	optimal	-1.4331592560454497e-15
./iJR904.xml	obj	R_HDCAt2	optimal	0.9219480950504635
./iJR904.xml	obj	R_HEMEOS	optimal	0.9219480950504712
./iJR904.xml	obj	R_HETZK	optimal	0.9219480950504445
./iJR904.xml	obj	R_HEX1	optimal	0.9219480950504643
./iJR904.xml	obj	R_HISTD	optimal	-4.0616473975788677e-16
./iJR904.xml	obj	R_HISTP	optimal	5.838095846484488e-17
./iJR904.xml	obj	R_HISabc	optimal	0.9219480950504619
./iJR904.xml	obj	R_HISt2r	optimal	0.9219480950504702
./iJR904.xml	obj	R_HKNDDH_1	optimal	0.921948095050496
./iJR904.xml	obj	R_HKNTDH_1	optimal	0.92194809505047
./iJR904.xml	obj	R_HMBS	optimal	0.9219480950503758
./iJR904.xml	obj	R_HMPK1	optimal	0.9219480950504542
./iJR904.xml	obj	R_HOPNTAL	optimal	0.9219480950504456
./iJR904.xml	obj	R_HPPK2	optimal	7.818572896626593e-14
./iJR904.xml	obj	R_HPPPNDO_1	optimal	0.9219480950504744
./iJR904.xml	obj	R_HPPPNt2r	optimal	0.9219480950503758
./iJR904.xml	obj	R_HPYRI	optimal	0.9219480950504643
./iJR904.xml	obj	R_HPYRRx	optimal	0.9219480950504688
./iJR904.xml	obj	R_HPYRRy	optimal	0.9219480950504656
./iJR904.xml	obj	R_HSDy	optimal	-3.471937886094436e-15
./iJR904.xml	obj	R_HSK	optimal	0.9219480950504726
./iJR904.xml	obj	R_HSST	optimal	3.0637152659563197e-16
./iJR904.xml	obj	R_HSTPT	optimal	0.0
./iJR904.xml	obj	R_HXPRT	optimal	0.9219480950504643
./iJR904.xml	obj	R_HYD1	optimal	0.9219480950504723
./iJR904.xml	obj	R_HYD2	optimal	0.9219480950504683
./iJR904.xml	obj	R_HYD3	optimal	0.9219480950504899
./iJR904.xml	obj	R_HYPOE	optimal	0.9219480950504719
./iJR904.xml	obj	R_HYXNt	optimal	0.9219480950504699
./iJR904.xml	obj	R_ICDHyr	optimal	-1.3200079770778055e-14
./iJR904.xml	obj	R_ICHORS	optimal	0.9219480950504616
./iJR904.xml	obj	R_ICHORT	optimal	0.9219480950504629
./iJR904.xml	obj	R_ICL	optimal	0.92194809505048
./iJR904.xml	obj	R_IDOND	optimal	0.9219480950504744
./iJR904.xml	obj	R_IDOND2	optimal	0.9219480950504677
./iJR904.xml	obj	R_IDONt2r	optimal	0.9219480950504567
./iJR904.xml	obj	R_IG3PS	optimal	1.8245575371014023e-15
./iJR904.xml	obj	R_IGPDH	optimal	-8.031839721093487e-16
./iJR904.xml	obj	R_IGPS	optimal	4.769723775220106e-13
./iJR904.xml	obj	R_ILETA	optimal	0.0
./iJR904.xml	obj	R_ILEabc	optimal	0.9219480950504827
./iJR904.xml	obj	R_ILEt2r	optimal	0.9219480950504744
./iJR904.xml	obj	R_IMPC	optimal	-4.805530617203983e-14
./iJR904.xml	obj	R_IMPD	optimal	-2.913457289756344e-16
./iJR904.xml	obj	R_INDOLEt2r	optimal	0.9219480950504646
./iJR904.xml	obj	R_INSK	optimal	0.9219480950504688
./iJR904.xml	obj	R_INSt2_copy1	optimal	0.9219480950504646
./iJR904.xml	obj	R_INSt2_copy2	optimal	0.9219480950504554
./iJR904.xml	obj	R_IPDDI	optimal	0.9219480950504831
./iJR904.xml	obj	R_IPDPS	optimal	0.9219480950504694
./iJR904.xml	obj	R_IPMD	optimal	-2.3230944067582348e-14
./iJR904.xml	obj	R_IPPMIa	optimal	2.378342019906226e-13
./iJR904.xml	obj	R_IPPMIb	optimal	8.731436097528988e-17
./iJR904.xml	obj	R_IPPS	optimal	1.6063225581571868e-15
./iJR904.xml	obj	R_KARA1	optimal	-1.4700142900952735e-15
./iJR904.xml	obj	R_KARA2	optimal	-1.0656084676607206e-15
./iJR904.xml	obj	R_KAS14	optimal	0.9219480950504607
./iJR904.xml	obj	R_KAS15	optimal	0.9219480950504719
./iJR904.xml	obj	R_KAS16	optimal	-1.7801327243856493e-16
./iJR904.xml	obj	R_KDOCT2	optimal	2.6961644190970473e-11
./iJR904.xml	obj	R_KDOPP	optimal	-1.4630234681041693e-15
./iJR904.xml	obj	R_KDOPS	optimal	-2.949064602850031e-16
./iJR904.xml	obj	R_KG6PDC	optimal	0.9219480950504643
./iJR904.xml	obj	R_Kabc	optimal	0.9219480950504485
./iJR904.xml	obj	R_Kt2r	optimal	0.9219480950504682
./iJR904.xml	obj	R_LACZ	optimal	0.9219480950504688
./iJR904.xml	obj	R_LCADi_copy1	optimal	0.9219480950504688
./iJR904.xml	obj	R_LCADi_copy2	optimal	0.921948095050462
./iJR904.xml	obj	R_LCARS	optimal	0.9219480950504667
./iJR904.xml	obj	R_LCTSt	optimal	0.9219480950501074
./iJR904.xml	obj	R_LDH_D	optimal	0.9219480950504719
./iJR904.xml	obj	R_LDH_D2	optimal	0.92194809505047
./iJR904.xml	obj	R_LEUTAi	optimal	-1.0375309290266013e-14
./iJR904.xml	obj	R_LEUabc	optimal	0.9219480950504678
./iJR904.xml	obj	R_LEUt2r	optimal	0.9219480950504764
./iJR904.xml	obj	R_LGTHL	optimal	0.9219480950504635
./iJR904.xml	obj	R_LPADSS	optimal	-6.343310391245038e-17
./iJR904.xml	obj	R_LPLIPA1	optimal	0.9219480950504478
./iJR904.xml	obj	R_LPLIPA2	optimal	0.9219480950504726
./iJR904.xml	obj	R_LPLIPA3	optimal	0.9219480950504679
./iJR904.xml	obj	R_LPLIPA4	optimal	0.9219480950504679
./iJR904.xml	obj	R_LPLIPA5	optimal	0.9219480950504679
./iJR904.xml	obj	R_LPLIPA6	optimal	0.9219480950504445
./iJR904.xml	obj	R_LPSSYN_EC	optimal	0.0
./iJR904.xml	obj	R_LYSDC	optimal	0.9219480950504513
./iJR904.xml	obj	R_LYSabc	optimal	0.921948095050459
./iJR904.xml	obj	R_LYSt2r	optimal	0.9219480950504778
./iJR904.xml	obj	R_L_LACD2	optimal	0.92194809505048
./iJR904.xml	obj	R_L_LACD3	optimal	0.9219480950504743
./iJR904.xml	obj	R_L_LACt2r	optimal	0.9219480950504726
./iJR904.xml	obj	R_M1PD	optimal	0.9219480950504734
./iJR904.xml	obj	R_MACPD	optimal	0.921948095050461
./iJR904.xml	obj	R_MALS	optimal	0.9217722909829486
./iJR904.xml	obj	R_MALTHXabc	optimal	0.9219480950504727
./iJR904.xml	obj	R_MALTPTabc	optimal	0.9219480950504669
./iJR904.xml	obj	R_MALTTRabc	optimal	0.9219480950504774
./iJR904.xml	obj	R_MALTTTRabc	optimal	0.9219480950504756
./iJR904.xml	obj	R_MALTabc	optimal	0.9219480950504726
./iJR904.xml	obj	R_MALTpts	optimal	0.9219480950504629
./iJR904.xml	obj	R_MALt2_2	optimal	0.9219480950504658
./iJR904.xml	obj	R_MALt2_3	optimal	0.9219480950504688
./iJR904.xml	obj	R_MAN1PT2	optimal	0.9219480950504726
./iJR904.xml	obj	R_MAN6PI	optimal	0.9219480950504607
./iJR904.xml	obj	R_MAN6Pt6_2	optimal	0.9219480950521296
./iJR904.xml	obj	R_MANAO	optimal	0.9219480950504292
./iJR904.xml	obj	R_MANpts	optimal	0.9219480950504774
./iJR904.xml	obj	R_MCITD	optimal	0.9219480950504723
./iJR904.xml	obj	R_MCITL2	optimal	0.9219480950504683
./iJR904.xml	obj	R_MCITS	optimal	0.9219480950504897
./iJR904.xml	obj	R_MCOATA	optimal	-7.140043827351336e-16
./iJR904.xml	obj	R_MDH	optimal	0.8814605051328649
./iJR904.xml	obj	R_MDH2	optimal	0.9219480950504666
./iJR904.xml	obj	R_MDH3	optimal	0.9219480950504292
./iJR904.xml	obj	R_MDRPD	optimal	2.937754936746016e-15
./iJR904.xml	obj	R_ME1	optimal	0.9219480950504593
./iJR904.xml	obj	R_ME2	optimal	0.9219480950504781
./iJR904.xml	obj	R_MECDPDH	optimal	0.9219480950504682
./iJR904.xml	obj	R_MECDPS	optimal	0.9219480950504675
./iJR904.xml	obj	R_MELIBt2	optimal	0.9219480950504456
./iJR904.xml	obj	R_MEPCT	optimal	0.921948095050466
./iJR904.xml	obj	R_METAT	optimal	7.863262365392833e-12
./iJR904.xml	obj	R_METDabc	optimal	0.921948095050474
./iJR904.xml	obj	R_METS_1	optimal	-3.635729192382467e-16
./iJR904.xml	obj	R_METabc	optimal	0.9219480950504679
./iJR904.xml	obj	R_MGSA	optimal	0.9219480950504633
./iJR904.xml	obj	R_MI1PP	optimal	0.9219480950504456
./iJR904.xml	obj	R_MICITDr	optimal	0.9219480950504721
./iJR904.xml	obj	R_MLTG1	optimal	0.9219480950504774
./iJR904.xml	obj	R_MLTG2	optimal	0.9219480950504696
./iJR904.xml	obj	R_MLTG3	optimal	0.9219480950504679
./iJR904.xml	obj	R_MLTG4	optimal	0.92194809505047
./iJR904.xml	obj	R_MLTG5	optimal	0.9219480950504827
./iJR904.xml	obj	R_MLTP1	optimal	0.9219480950504677
./iJR904.xml	obj	R_MLTP2	optimal	0.921948095050464
./iJR904.xml	obj	R_MLTP3	optimal	0.921948095050496
./iJR904.xml	obj	R_MMCD	optimal	0.9219480950504717
./iJR904.xml	obj	R_MME	optimal	0.9219480950504993
./iJR904.xml	obj	R_MMM2	optimal	0.9219480950504699
./iJR904.xml	obj	R_MNLpts	optimal	0.9219480950504726
./iJR904.xml	obj	R_MNNH	optimal	0.9219480950504485
./iJR904.xml	obj	R_MOAT	optimal	-1.921945966060765e-16
./iJR904.xml	obj	R_MOAT2	optimal	2.835285201279896e-16
./iJR904.xml	obj	R_MOHMT	optimal	7.23193660226361e-16
./iJR904.xml	obj	R_MTAN	optimal	-2.986708157325577e-17
./iJR904.xml	obj	R_MTHFC_1	optimal	0.8958133490906701
./iJR904.xml	obj	R_MTHFD_1	optimal	0.8958133490906585
./iJR904.xml	obj	R_MTHFR2_1	optimal	1.2746006453004792e-14
./iJR904.xml	obj	R_MTRI	optimal	-1.6655286181904432e-14
./iJR904.xml	obj	R_MTRK	optimal	-5.321447313897293e-15
./iJR904.xml	obj	R_NACODA	optimal	0.9219480950504666
./iJR904.xml	obj	R_NACt	optimal	0.9219480950504607
./iJR904.xml	obj	R_NADDP	optimal	0.921948095050496
./iJR904.xml	obj	R_NADDPe	optimal	0.9219480950504456
./iJR904.xml	obj	R_NADH10	optimal	0.9219480950504554
./iJR904.xml	obj	R_NADH5	optimal	0.9219480950504683
./iJR904.xml	obj	R_NADH6	optimal	0.8617381912826462
./iJR904.xml	obj	R_NADH7	optimal	0.9219480950504666
./iJR904.xml	obj	R_NADH8	optimal	0.9219480950504714
./iJR904.xml	obj	R_NADH9	optimal	0.9219480950504723
./iJR904.xml	obj	R_NADK	optimal	1.7466970906563019e-12
./iJR904.xml	obj	R_NADPPPS	optimal	0.9219480950504508
./iJR904.xml	obj	R_NADS1	optimal	7.474982004692986e-13
./iJR904.xml	obj	R_NADTRHD	optimal	0.921948095050496
./iJR904.xml	obj	R_NAMNPP	optimal	0.921948095050471
./iJR904.xml	obj	R_NAt3_1	optimal	0.9219480950505231
./iJR904.xml	obj	R_NAt3_15	optimal	0.9219480950514543
./iJR904.xml	obj	R_NAt3_2	optimal	0.9219480950504643
./iJR904.xml	obj	R_NDPK1	optimal	0.9219480950504292
./iJR904.xml	obj	R_NDPK2	optimal	3.544224759450482e-17
./iJR904.xml	obj	R_NDPK3	optimal	0.9205103139758763
./iJR904.xml	obj	R_NDPK4	optimal	-8.871360584883628e-17
./iJR904.xml	obj	R_NDPK5	optimal	0.9219480950504693
./iJR904.xml	obj	R_NDPK6	optimal	0.92194809505047
./iJR904.xml	obj	R_NDPK7	optimal	0.9219480950504728
./iJR904.xml	obj	R_NDPK8	optimal	0.9219480950504707
./iJR904.xml	obj	R_NH4t	optimal	-4.636867671104398e-15
./iJR904.xml	obj	R_NMNAT	optimal	0.9219480950521296
./iJR904.xml	obj	R_NMNDA	optimal	0.9219480950504714
./iJR904.xml	obj	R_NMNN	optimal	0.9219480950504774
./iJR904.xml	obj	R_NMNP	optimal	0.921948095050499
./iJR904.xml	obj	R_NMNt7	optimal	0.9219480950504697
./iJR904.xml	obj	R_NNAM	optimal	0.9219480950504718
./iJR904.xml	obj	R_NNATr	optimal	1.1619135392960816e-12
./iJR904.xml	obj	R_NNDMBRT	optimal	0.9219480950504613
./iJR904.xml	obj	R_NNDPR	optimal	6.146778904570742e-13
./iJR904.xml	obj	R_NO2t2r	optimal	0.9219480950504643
./iJR904.xml	obj	R_NO3R1	optimal	0.9219480950504754
./iJR904.xml	obj	R_NO3R2	optimal	0.9219480950504744
./iJR904.xml	obj	R_NO3t7	optimal	0.9219480950504629
./iJR904.xml	obj	R_NPHS	optimal	0.9219480950504456
./iJR904.xml	obj	R_NTD1	optimal	0.9219480950503869
./iJR904.xml	obj	R_NTD10	optimal	0.921948095050499
./iJR904.xml	obj	R_NTD11	optimal	0.9219480950504485
./iJR904.xml	obj	R_NTD2	optimal	0.9219480950504646
./iJR904.xml	obj	R_NTD3	optimal	0.9219480950504838
./iJR904.xml	obj	R_NTD4	optimal	0.9219480950504702
./iJR904.xml	obj	R_NTD5	optimal	0.921948095050471
./iJR904.xml	obj	R_NTD6	optimal	0.9219480950504774
./iJR904.xml	obj	R_NTD7	optimal	0.9219480950504688
./iJR904.xml	obj	R_NTD8	optimal	0.9219480950504658
./iJR904.xml	obj	R_NTD9	optimal	0.9219480950504699
./iJR904.xml	obj	R_NTPP1	optimal	0.9219480950504646
./iJR904.xml	obj	R_NTPP2	optimal	0.9219480950504535
./iJR904.xml	obj	R_NTPP3	optimal	0.9219480950503758
./iJR904.xml	obj	R_NTPP4	optimal	0.9219480950504643
./iJR904.xml	obj	R_NTPP5	optimal	0.92194809505047
./iJR904.xml	obj	R_NTPP6	optimal	0.9219480950504694
./iJR904.xml	obj	R_NTPP7	optimal	0.9219480950514543
./iJR904.xml	obj	R_NTPP8	optimal	0.921948095050464
./iJR904.xml	obj	R_NTPTP1	optimal	0.9219480950504897
./iJR904.xml	obj	R_NTPTP2	optimal	0.9219480950504682
./iJR904.xml	obj	R_NTRIR2x	optimal	0.92194809505046
./iJR904.xml	obj	R_O2t	optimal	0.21625391874417363
./iJR904.xml	obj	R_OBTFL	optimal	0.9219480950504547
./iJR904.xml	obj	R_OCBT	optimal	-3.636906241912858e-16
./iJR904.xml	obj	R_OCDCAt2	optimal	0.9219480950504643
./iJR904.xml	obj	R_OCTDPS	optimal	0.9219480950504774
./iJR904.xml	obj	R_OHPBAT	optimal	0.921948095050462
./iJR904.xml	obj	R_OHPHM	optimal	0.921948095050471
./iJR904.xml	obj	R_OMBZLM	optimal	0.9219480950504688
./iJR904.xml	obj	R_OMCDC	optimal	-5.31825773648579e-17
./iJR904.xml	obj	R_OMMBLHX	optimal	0.9219480950504697
./iJR904.xml	obj	R_OMPDC	optimal	1.1990836476514352e-16
./iJR904.xml	obj	R_OMPHHX	optimal	0.9219480950504607
./iJR904.xml	obj	R_OP4ENH	optimal	0.9219480950504705
./iJR904.xml	obj	R_OPHBDC	optimal	0.9219480950504725
./iJR904.xml	obj	R_OPHHX	optimal	0.9219480950504899
./iJR904.xml	obj	R_ORNDC	optimal	0.9212816730641488
./iJR904.xml	obj	R_ORNTA	optimal	0.9219480950504707
./iJR904.xml	obj	R_ORNabc	optimal	0.9219480950504608
./iJR904.xml	obj	R_ORPT	optimal	3.6057225027065946e-16
./iJR904.xml	obj	R_OXGDC2	optimal	0.9219480950504456
./iJR904.xml	obj	R_P5CD	optimal	0.9219480950504696
./iJR904.xml	obj	R_P5CR	optimal	-3.106089938386839e-16
./iJR904.xml	obj	R_PACCOAL	optimal	0.9219480950504709
./iJR904.xml	obj	R_PANTS	optimal	-2.2487095189953398e-15
./iJR904.xml	obj	R_PAPA_EC	optimal	0.921948095050462
./iJR904.xml	obj	R_PAPPT3	optimal	2.1723624533525705e-15
./iJR904.xml	obj	R_PAPSR	optimal	-1.2945585533981995e-14
./iJR904.xml	obj	R_PASYN_EC	optimal	8.2993152432335375e-16
./iJR904.xml	obj	R_PDH	optimal	0.8926572600874777
./iJR904.xml	obj	R_PDX5POi	optimal	0.9219480950504619
./iJR904.xml	obj	R_PDX5PS	optimal	0.9219480950504513
./iJR904.xml	obj	R_PDXPP	optimal	0.9219480950504708
./iJR904.xml	obj	R_PEAMNO	optimal	0.9219480950504543
./iJR904.xml	obj	R_PEPT_EC	optimal	8.441539679618886e-16
./iJR904.xml	obj	R_PERD	optimal	0.9219480950504764
./iJR904.xml	obj	R_PFK	optimal	0.9082821457907598
./iJR904.xml	obj	R_PFK_2	optimal	0.9219480950504707
./iJR904.xml	obj	R_PFL	optimal	0.921948095050496
./iJR904.xml	obj	R_PGAMT	optimal	1.6267004023814284e-13
./iJR904.xml	obj	R_PGCD	optimal	-4.9723578312251726e-15
./iJR904.xml	obj	R_PGI	optimal	0.9059834154159646
./iJR904.xml	obj	R_PGK	optimal	0.6250126844974685
./iJR904.xml	obj	R_PGL	optimal	0.901492768026561
./iJR904.xml	obj	R_PGLYCP	optimal	0.921948095050471
./iJR904.xml	obj	R_PGM	optimal	0.7452932943574908
./iJR904.xml	obj	R_PGMT	optimal	-5.4293631139166755e-14
./iJR904.xml	obj	R_PGPP_EC	optimal	2.917117575595515e-16
./iJR904.xml	obj	R_PGSA_EC	optimal	6.645858230425133e-13
./iJR904.xml	obj	R_PHETA1	optimal	0.0
./iJR904.xml	obj	R_PHEt2r	optimal	0.9219480950514543
./iJR904.xml	obj	R_PIabc	optimal	0.9219480950504593
./iJR904.xml	obj	R_PIt2r	optimal	0.9176974030177668
./iJR904.xml	obj	R_PLIPA1	optimal	0.9219480950504682
./iJR904.xml	obj	R_PLIPA2	optimal	0.9219480950504778
./iJR904.xml	obj	R_PLIPA3	optimal	0.9219480950504688
./iJR904.xml	obj	R_PMANM	optimal	0.9219480950504699
./iJR904.xml	obj	R_PMDPHT	optimal	0.0
./iJR904.xml	obj	R_PMPK	optimal	0.9219480950142048
./iJR904.xml	obj	R_PNTK	optimal	-1.916380555334448e-12
./iJR904.xml	obj	R_PNTOt4	optimal	0.9219480950504838
./iJR904.xml	obj	R_POX	optimal	0.9219480950504445
./iJR904.xml	obj	R_PPA	optimal	1.8469667995818495e-16
./iJR904.xml	obj	R_PPAKr	optimal	0.921948095050471
./iJR904.xml	obj	R_PPBNGS	optimal	0.9219480950504677
./iJR904.xml	obj	R_PPC	optimal	0.9191407168451475
./iJR904.xml	obj	R_PPCDC	optimal	4.245521483268262e-15
./iJR904.xml	obj	R_PPCK	optimal	0.9219480950504635
./iJR904.xml	obj	R_PPCSCT	optimal	0.9219480950504795
./iJR904.xml	obj	R_PPM	optimal	0.920807198976518
./iJR904.xml	obj	R_PPM2	optimal	0.9207381055003144
./iJR904.xml	obj	R_PPNCL2	optimal	-1.20505280348173e-15
./iJR904.xml	obj	R_PPND	optimal	8.682334095892983e-16
./iJR904.xml	obj	R_PPNDH	optimal	1.805872263991529e-16
./iJR904.xml	obj	R_PPPGO	optimal	0.9219480950504794
./iJR904.xml	obj	R_PPPNDO	optimal	0.9219480950504445
./iJR904.xml	obj	R_PPPNt2r	optimal	0.9219480950504688
./iJR904.xml	obj	R_PPS	optimal	0.9219480950504619
./iJR904.xml	obj	R_PPTGS	optimal	1.0788653672759838e-16
./iJR904.xml	obj	R_PRAGSr	optimal	3.360369862850588e-14
./iJR904.xml	obj	R_PRAIS	optimal	-3.825002266174322e-14
./iJR904.xml	obj	R_PRAIi	optimal	-7.939949323799322e-16
./iJR904.xml	obj	R_PRAMPC	optimal	7.575790892362224e-16
./iJR904.xml	obj	R_PRASCSi	optimal	3.7685142783603015e-15
./iJR904.xml	obj	R_PRATPP	optimal	-3.7012345297306526e-17
./iJR904.xml	obj	R_PRFGS	optimal	1.6036173428402045e-14
./iJR904.xml	obj	R_PRMICI	optimal	5.300626769990944e-20
./iJR904.xml	obj	R_PROD2	optimal	0.9219480950504683
./iJR904.xml	obj	R_PROabc	optimal	0.921948095050481
./iJR904.xml	obj	R_PROt2r	optimal	0.9219480950504614
./iJR904.xml	obj	R_PROt4	optimal	0.921948095050471
./iJR904.xml	obj	R_PRPPS	optimal	1.9369583347416292e-14
./iJR904.xml	obj	R_PSCVT	optimal	1.5791859930517776e-16
./iJR904.xml	obj	R_PSD_EC	optimal	-1.873148782271731e-16
./iJR904.xml	obj	R_PSERT	optimal	7.78075236301628e-18
./iJR904.xml	obj	R_PSP_L	optimal	-2.2793401208897584e-14
./iJR904.xml	obj	R_PSSA_EC	optimal	-9.096820461737383e-16
./iJR904.xml	obj	R_PTA2	optimal	0.9219480950504677
./iJR904.xml	obj	R_PTAr	optimal	0.9189654936903044
./iJR904.xml	obj	R_PTPATi	optimal	7.416668312776466e-16
./iJR904.xml	obj	R_PTRCORNt7	optimal	0.9219480950504593
./iJR904.xml	obj	R_PTRCTA	optimal	0.9219480950504485
./iJR904.xml	obj	R_PTRCabc	optimal	0.9219480950504629
./iJR904.xml	obj	R_PTRCt2	optimal	0.9219480950504781
./iJR904.xml	obj	R_PUNP1	optimal	0.9219182569087166
./iJR904.xml	obj	R_PUNP2	optimal	0.9219480950504685
./iJR904.xml	obj	R_PUNP3	optimal	0.9219480950504573
./iJR904.xml	obj	R_PUNP4	optimal	0.9219480950504743
./iJR904.xml	obj	R_PUNP5	optimal	0.921948095050469
./iJR904.xml	obj	R_PUNP6	optimal	0.9219480950504619
./iJR904.xml	obj	R_PUNP7	optimal	0.921948095050471
./iJR904.xml	obj	R_PYAM5PO	optimal	0.9219480950504688
./iJR904.xml	obj	R_PYDAMK	optimal	0.9219480950504696
./iJR904.xml	obj	R_PYDXK	optimal	0.9219480950504589
./iJR904.xml	obj	R_PYDXNK	optimal	0.9219480950504445
./iJR904.xml	obj	R_PYDXPP	optimal	0.921948095050467
./iJR904.xml	obj	R_PYK	optimal	0.9219480950502206
./iJR904.xml	obj	R_PYNP2r	optimal	0.9219480950504688
./iJR904.xml	obj	R_PYRt2	optimal	0.9219480950504513
./iJR904.xml	obj	R_QULNS_1	optimal	9.548235147049001e-16
./iJR904.xml	obj	R_RBFK	optimal	8.380538260048961e-16
./iJR904.xml	obj	R_RBFSa	optimal	0.0
./iJR904.xml	obj	R_RBFSb	optimal	0.0
./iJR904.xml	obj	R_RBK	optimal	0.9219480950504679
./iJR904.xml	obj	R_RBK_L1	optimal	0.9219480950504774
./iJR904.xml	obj	R_RBP4E	optimal	0.9219480950504694
./iJR904.xml	obj	R_RHCCE	optimal	0.9219480950504682
./iJR904.xml	obj	R_RIBabc	optimal	0.9219480950504683
./iJR904.xml	obj	R_RMI	optimal	0.9219480950504613
./iJR904.xml	obj	R_RMK	optimal	0.9219480950504503
./iJR904.xml	obj	R_RMNt	optimal	0.9219480950521296
./iJR904.xml	obj	R_RMPA	optimal	0.9219480950504616
./iJR904.xml	obj	R_RNDR1	optimal	0.9219480950504625
./iJR904.xml	obj	R_RNDR2	optimal	0.9219480950504774
./iJR904.xml	obj	R_RNDR3	optimal	0.9219480950504456
./iJR904.xml	obj	R_RNDR4	optimal	0.9219480950504779
./iJR904.xml	obj	R_RNTR1	optimal	0.9219480950504688
./iJR904.xml	obj	R_RNTR2	optimal	0.9219480950504485
./iJR904.xml	obj	R_RNTR3	optimal	0.9219480950504688
./iJR904.xml	obj	R_RNTR4	optimal	0.92194809505046
./iJR904.xml	obj	R_RPE	optimal	0.9084959669675542
./iJR904.xml	obj	R_RPI	optimal	1.2466579105413792e-13
./iJR904.xml	obj	R_RZ5PP	optimal	0.9219480950504657
./iJR904.xml	obj	R_S7PI	optimal	7.107292413125324e-16
./iJR904.xml	obj	R_SADH	optimal	0.921948095050459
./iJR904.xml	obj	R_SADT2	optimal	1.3814288380127937e-14
./iJR904.xml	obj	R_SBTPD	optimal	0.9219480950504616
./iJR904.xml	obj	R_SBTpts	optimal	0.9219480950504643
./iJR904.xml	obj	R_SDPDS	optimal	1.11191301355533e-16
./iJR904.xml	obj	R_SDPTA	optimal	-1.2630652376545222e-15
./iJR904.xml	obj	R_SELNPS	optimal	0.921948095050466
./iJR904.xml	obj	R_SERASr	optimal	0.9219480950504616
./iJR904.xml	obj	R_SERAT	optimal	-1.6966480099511063e-14
./iJR904.xml	obj	R_SERD_D	optimal	0.9219480950504614
./iJR904.xml	obj	R_SERD_L	optimal	0.9219480950504827
./iJR904.xml	obj	R_SERt2r	optimal	0.9219480950504733
./iJR904.xml	obj	R_SERt4	optimal	0.9219480950504658
./iJR904.xml	obj	R_SGDS	optimal	0.9219480950504635
./iJR904.xml	obj	R_SGSAD	optimal	0.921948095050466
./iJR904.xml	obj	R_SHCHCS2	optimal	0.9219480950504831
./iJR904.xml	obj	R_SHCHD2	optimal	0.9219480950504556
./iJR904.xml	obj	R_SHCHF	optimal	0.9219480950504708
./iJR904.xml	obj	R_SHK3Dr	optimal	-9.435196325642951e-14
./iJR904.xml	obj	R_SHKK	optimal	3.753519983589106e-15
./iJR904.xml	obj	R_SHSL1	optimal	3.1186570766894103e-16
./iJR904.xml	obj	R_SOTA	optimal	0.921948095050455
./iJR904.xml	obj	R_SPMDAT1	optimal	0.9219480950504669
./iJR904.xml	obj	R_SPMDAT2	optimal	0.9219480950504838
./iJR904.xml	obj	R_SPMDabc	optimal	0.9219480950504795
./iJR904.xml	obj	R_SPMS	optimal	-2.796408304478926e-16
./iJR904.xml	obj	R_SPODM	optimal	0.9219480950504696
./iJR904.xml	obj	R_SSALx	optimal	0.9219480950504693
./iJR904.xml	obj	R_SSALy	optimal	0.9219480950504702
./iJR904.xml	obj	R_SUCBZL	optimal	0.9219480950504682
./iJR904.xml	obj	R_SUCBZS	optimal	0.9219480950504677
./iJR904.xml	obj	R_SUCCabc	optimal	0.9219480950504838
./iJR904.xml	obj	R_SUCCt2_2	optimal	0.9219480950504592
./iJR904.xml	obj	R_SUCCt2_3	optimal	0.9219480950504908
./iJR904.xml	obj	R_SUCCt2r	optimal	0.9219480950504688
./iJR904.xml	obj	R_SUCD1	optimal	0.8733015758879358
./iJR904.xml	obj	R_SUCD4	optimal	0.8733015758879225
./iJR904.xml	obj	R_SUCFUMt	optimal	0.9219480950504669
./iJR904.xml	obj	R_SUCOAS	optimal	0.9104503188689871
./iJR904.xml	obj	R_SUCpts	optimal	0.9219480950504781
./iJR904.xml	obj	R_SULR	optimal	3.991717816700233e-15
./iJR904.xml	obj	R_SULabc	optimal	-1.1735079605953402e-14
./iJR904.xml	obj	R_TAGURr	optimal	0.9219480950504629
./iJR904.xml	obj	R_TALA	optimal	0.9061328900792429
./iJR904.xml	obj	R_TARTD	optimal	0.9219480950504723
./iJR904.xml	obj	R_TARTRt7	optimal	0.921948095050459
./iJR904.xml	obj	R_TAUDO	optimal	0.9219480950504702
./iJR904.xml	obj	R_TAURabc	optimal	0.9219480950504733
./iJR904.xml	obj	R_TDPADGAT	optimal	0.921948095050466
./iJR904.xml	obj	R_TDPAGTA	optimal	0.9219480950504848
./iJR904.xml	obj	R_TDPDRE	optimal	0.9219480950504682
./iJR904.xml	obj	R_TDPDRR	optimal	0.9219480950504694
./iJR904.xml	obj	R_TDPGDH	optimal	0.9219480950504708
./iJR904.xml	obj	R_TDSK	optimal	2.8294178420637644e-15
./iJR904.xml	obj	R_TGBPA	optimal	0.9219480950504568
./iJR904.xml	obj	R_THD2	optimal	0.9219480950504707
./iJR904.xml	obj	R_THDPS	optimal	-9.013649900001356e-17
./iJR904.xml	obj	R_THMDt2_copy1	optimal	0.9219480950504682
./iJR904.xml	obj	R_THMDt2_copy2	optimal	0.9219480950504613
./iJR904.xml	obj	R_THMabc	optimal	0.9219480950504619
./iJR904.xml	obj	R_THRA	optimal	0.9207381055003241
./iJR904.xml	obj	R_THRD	optimal	0.9219480950504643
./iJR904.xml	obj	R_THRD_L	optimal	3.891332162413607e-16
./iJR904.xml	obj	R_THRS	optimal	0.9219480950504774
./iJR904.xml	obj	R_THRabc	optimal	0.9219480950504774
./iJR904.xml	obj	R_THRt2r	optimal	0.9219480950504744
./iJR904.xml	obj	R_THRt4	optimal	0.9219480950504593
./iJR904.xml	obj	R_THZPSN	optimal	0.921948095050467
./iJR904.xml	obj	R_TKT1	optimal	0.9058250908639295
./iJR904.xml	obj	R_TKT2	optimal	0.9111826401056897
./iJR904.xml	obj	R_TMAOR1	optimal	0.9219480950504677
./iJR904.xml	obj	R_TMAOR1e	optimal	0.9219480950504643
./iJR904.xml	obj	R_TMAOR2	optimal	0.9219480950504778
./iJR904.xml	obj	R_TMAOR2e	optimal	0.9219480950504774
./iJR904.xml	obj	R_TMDK1	optimal	0.9219480950504305
./iJR904.xml	obj	R_TMDPP	optimal	0.9219480950504466
./iJR904.xml	obj	R_TMDS	optimal	0.0
./iJR904.xml	obj	R_TMK	optimal	0.9219480950504513
./iJR904.xml	obj	R_TMPK	optimal	0.921948095050464
./iJR904.xml	obj	R_TMPPP	optimal	0.9219480950504774
./iJR904.xml	obj	R_TPI	optimal	0.8445864993220318
./iJR904.xml	obj	R_TRDR	optimal	-1.719545268589513e-14
./iJR904.xml	obj	R_TRE6PH	optimal	0.9219480950504677
./iJR904.xml	obj	R_TRE6PP	optimal	0.9219480950504616
./iJR904.xml	obj	R_TRE6PS	optimal	0.9219480950504657
./iJR904.xml	obj	R_TREH	optimal	0.9219480950505077
./iJR904.xml	obj	R_TREHe	optimal	0.9219480950504774
./iJR904.xml	obj	R_TREpts	optimal	0.921948095050461
./iJR904.xml	obj	R_TRPAS2	optimal	0.9216662017024834
./iJR904.xml	obj	R_TRPS1	optimal	0.9219480950504616
./iJR904.xml	obj	R_TRPS2	optimal	0.9219480950504737
./iJR904.xml	obj	R_TRPS3	optimal	0.921666201702467
./iJR904.xml	obj	R_TRPt2r	optimal	0.921948095050464
./iJR904.xml	obj	R_TRSARr	optimal	0.9219480950504778
./iJR904.xml	obj	R_TSULabc	optimal	0.9219480950504675
./iJR904.xml	obj	R_TTDCAt2	optimal	0.9219480950504619
./iJR904.xml	obj	R_TYRTA	optimal	0.0
./iJR904.xml	obj	R_TYRt2r	optimal	0.921948095050206
./iJR904.xml	obj	R_U23GAAT	optimal	2.353079460618226e-15
./iJR904.xml	obj	R_UAAGDS	optimal	-4.904751017024729e-16
./iJR904.xml	obj	R_UACMAMO	optimal	0.9219480950504774
./iJR904.xml	obj	R_UAG2E	optimal	0.9219480950504723
./iJR904.xml	obj	R_UAGAAT	optimal	-2.667270588577069e-15
./iJR904.xml	obj	R_UAGCVT	optimal	0.0
./iJR904.xml	obj	R_UAGDP	optimal	2.82787974257722e-16
./iJR904.xml	obj	R_UAGPT3	optimal	0.0
./iJR904.xml	obj	R_UAMAGS	optimal	-1.924710001113447e-16
./iJR904.xml	obj	R_UAMAS	optimal	1.6267004023814284e-13
./iJR904.xml	obj	R_UAPGR	optimal	0.0
./iJR904.xml	obj	R_UDCPDP	optimal	-3.5237818314443707e-15
./iJR904.xml	obj	R_UDCPDPS	optimal	0.9219480950142048
./iJR904.xml	obj	R_UDPG4E	optimal	0.9219480950504774
./iJR904.xml	obj	R_UDPGALM	optimal	0.9219480950504456
./iJR904.xml	obj	R_UDPGD	optimal	0.9219480950504744
./iJR904.xml	obj	R_UGLT	optimal	0.9219480950504643
./iJR904.xml	obj	R_UGLYCH	optimal	0.9219480950504702
./iJR904.xml	obj	R_UGMDDS	optimal	3.544224759450482e-17
./iJR904.xml	obj	R_UHGADA	optimal	0.0
./iJR904.xml	obj	R_UMPK	optimal	-7.801668891987377e-16
./iJR904.xml	obj	R_UNK3	optimal	8.075033015309263e-16
./iJR904.xml	obj	R_UPP3MT	optimal	0.9219480950505077
./iJR904.xml	obj	R_UPP3S	optimal	0.9219480950504734
./iJR904.xml	obj	R_UPPDC1	optimal	0.9219480950504743
./iJR904.xml	obj	R_UPPRT	optimal	0.9219480950504774
./iJR904.xml	obj	R_URAt2_copy1	optimal	0.9219480950504614
./iJR904.xml	obj	R_URAt2_copy2	optimal	0.9219480950504699
./iJR904.xml	obj	R_UREAt	optimal	0.9219480950501074
./iJR904.xml	obj	R_URIDK2r	optimal	0.9217375642928932
./iJR904.xml	obj	R_URIK2	optimal	0.9219480950504642
./iJR904.xml	obj	R_URIt2_copy1	optimal	0.9219480950504556
./iJR904.xml	obj	R_URIt2_copy2	optimal	0.9219480950504677
./iJR904.xml	obj	R_USHD	optimal	1.8998804310484986e-15
./iJR904.xml	obj	R_VALTA	optimal	0.921948095050471
./iJR904.xml	obj	R_VALabc	optimal	0.9219480950504657
./iJR904.xml	obj	R_VALt2r	optimal	0.9219480950504682
./iJR904.xml	obj	R_VPAMTr	optimal	0.9219480950504827
./iJR904.xml	obj	R_X5PL3E	optimal	0.9219480950504688
./iJR904.xml	obj	R_XANt	optimal	0.9219480950504658
./iJR904.xml	obj	R_XANt2	optimal	0.9219480950504524
./iJR904.xml	obj	R_XPPT	optimal	0.9219480950504688
./iJR904.xml	obj	R_XTSNt2	optimal	0.9219480950504677
./iJR904.xml	obj	R_XYLI1	optimal	0.9219480950504677
./iJR904.xml	obj	R_XYLI2	optimal	0.9219480950480922
./iJR904.xml	obj	R_XYLK	optimal	0.9219480950504733
./iJR904.xml	obj	R_XYLabc	optimal	0.9219480950504616
./iJR904.xml	obj	R_XYLt2	optimal	0.9219480950504586
