software	model	objective	gene	status	value
cbmpy	Canto-Encalada2022-FBA+of+simultaneous+degradation+of+ammonia+and+pollutants.xml	obj	G_ALW85_RS00075	optimal	0.0
cbmpy	Canto-Encalada2022-FBA+of+simultaneous+degradation+of+ammonia+and+pollutants.xml	obj	G_ALW85_RS00080	optimal	0.0
cbmpy	Canto-Encalada2022-FBA+of+simultaneous+degradation+of+ammonia+and+pollutants.xml	obj	G_ALW85_RS00085	optimal	0.0
cbmpy	Canto-Encalada2022-FBA+of+simultaneous+degradation+of+ammonia+and+pollutants.xml	obj	G_ALW85_RS00110	optimal	0.0
cbmpy	Canto-Encalada2022-FBA+of+simultaneous+degradation+of+ammonia+and+pollutants.xml	obj	G_ALW85_RS00145	optimal	0.091101
cbmpy	Canto-Encalada2022-FBA+of+simultaneous+degradation+of+ammonia+and+pollutants.xml	obj	G_ALW85_RS00190	optimal	0.0
cbmpy	Canto-Encalada2022-FBA+of+simultaneous+degradation+of+ammonia+and+pollutants.xml	obj	G_ALW85_RS00210	optimal	0.0
cbmpy	Canto-Encalada2022-FBA+of+simultaneous+degradation+of+ammonia+and+pollutants.xml	obj	G_ALW85_RS00215	optimal	0.0
cbmpy	Canto-Encalada2022-FBA+of+simultaneous+degradation+of+ammonia+and+pollutants.xml	obj	G_ALW85_RS00235	optimal	0.091101
cbmpy	Canto-Encalada2022-FBA+of+simultaneous+degradation+of+ammonia+and+pollutants.xml	obj	G_ALW85_RS00270	optimal	0.09082
cbmpy	Canto-Encalada2022-FBA+of+simultaneous+degradation+of+ammonia+and+pollutants.xml	obj	G_ALW85_RS00275	optimal	0.09082
cbmpy	Canto-Encalada2022-FBA+of+simultaneous+degradation+of+ammonia+and+pollutants.xml	obj	G_ALW85_RS00285	optimal	0.091101
cbmpy	Canto-Encalada2022-FBA+of+simultaneous+degradation+of+ammonia+and+pollutants.xml	obj	G_ALW85_RS00365	optimal	0.091101
cbmpy	Canto-Encalada2022-FBA+of+simultaneous+degradation+of+ammonia+and+pollutants.xml	obj	G_ALW85_RS00380	optimal	0.0
cbmpy	Canto-Encalada2022-FBA+of+simultaneous+degradation+of+ammonia+and+pollutants.xml	obj	G_ALW85_RS00390	optimal	0.0
cbmpy	Canto-Encalada2022-FBA+of+simultaneous+degradation+of+ammonia+and+pollutants.xml	obj	G_ALW85_RS00400	optimal	0.091101
cbmpy	Canto-Encalada2022-FBA+of+simultaneous+degradation+of+ammonia+and+pollutants.xml	obj	G_ALW85_RS00410	optimal	0.0
cbmpy	Canto-Encalada2022-FBA+of+simultaneous+degradation+of+ammonia+and+pollutants.xml	obj	G_ALW85_RS00415	optimal	0.0
cbmpy	Canto-Encalada2022-FBA+of+simultaneous+degradation+of+ammonia+and+pollutants.xml	obj	G_ALW85_RS00440	optimal	0.091101
cbmpy	Canto-Encalada2022-FBA+of+simultaneous+degradation+of+ammonia+and+pollutants.xml	obj	G_ALW85_RS00485	optimal	0.0
cbmpy	Canto-Encalada2022-FBA+of+simultaneous+degradation+of+ammonia+and+pollutants.xml	obj	G_ALW85_RS00490	optimal	0.0
cbmpy	Canto-Encalada2022-FBA+of+simultaneous+degradation+of+ammonia+and+pollutants.xml	obj	G_ALW85_RS00520	optimal	0.0
cbmpy	Canto-Encalada2022-FBA+of+simultaneous+degradation+of+ammonia+and+pollutants.xml	obj	G_ALW85_RS00525	optimal	0.0
cbmpy	Canto-Encalada2022-FBA+of+simultaneous+degradation+of+ammonia+and+pollutants.xml	obj	G_ALW85_RS00535	optimal	0.091101
cbmpy	Canto-Encalada2022-FBA+of+simultaneous+degradation+of+ammonia+and+pollutants.xml	obj	G_ALW85_RS00550	optimal	0.091101
cbmpy	Canto-Encalada2022-FBA+of+simultaneous+degradation+of+ammonia+and+pollutants.xml	obj	G_ALW85_RS00570	optimal	0.0
cbmpy	Canto-Encalada2022-FBA+of+simultaneous+degradation+of+ammonia+and+pollutants.xml	obj	G_ALW85_RS00585	optimal	0.091101
cbmpy	Canto-Encalada2022-FBA+of+simultaneous+degradation+of+ammonia+and+pollutants.xml	obj	G_ALW85_RS00590	optimal	0.0
cbmpy	Canto-Encalada2022-FBA+of+simultaneous+degradation+of+ammonia+and+pollutants.xml	obj	G_ALW85_RS00730	optimal	0.091101
cbmpy	Canto-Encalada2022-FBA+of+simultaneous+degradation+of+ammonia+and+pollutants.xml	obj	G_ALW85_RS00750	optimal	0.091101
cbmpy	Canto-Encalada2022-FBA+of+simultaneous+degradation+of+ammonia+and+pollutants.xml	obj	G_ALW85_RS00760	optimal	0.091101
cbmpy	Canto-Encalada2022-FBA+of+simultaneous+degradation+of+ammonia+and+pollutants.xml	obj	G_ALW85_RS00780	optimal	0.0
cbmpy	Canto-Encalada2022-FBA+of+simultaneous+degradation+of+ammonia+and+pollutants.xml	obj	G_ALW85_RS00785	optimal	0.091101
cbmpy	Canto-Encalada2022-FBA+of+simultaneous+degradation+of+ammonia+and+pollutants.xml	obj	G_ALW85_RS00830	optimal	0.091101
cbmpy	Canto-Encalada2022-FBA+of+simultaneous+degradation+of+ammonia+and+pollutants.xml	obj	G_ALW85_RS00905	optimal	0.0
cbmpy	Canto-Encalada2022-FBA+of+simultaneous+degradation+of+ammonia+and+pollutants.xml	obj	G_ALW85_RS00925	optimal	0.091101
cbmpy	Canto-Encalada2022-FBA+of+simultaneous+degradation+of+ammonia+and+pollutants.xml	obj	G_ALW85_RS00935	optimal	0.091101
cbmpy	Canto-Encalada2022-FBA+of+simultaneous+degradation+of+ammonia+and+pollutants.xml	obj	G_ALW85_RS00940	optimal	0.091101
cbmpy	Canto-Encalada2022-FBA+of+simultaneous+degradation+of+ammonia+and+pollutants.xml	obj	G_ALW85_RS01010	optimal	0.091101
cbmpy	Canto-Encalada2022-FBA+of+simultaneous+degradation+of+ammonia+and+pollutants.xml	obj	G_ALW85_RS01035	optimal	0.0
cbmpy	Canto-Encalada2022-FBA+of+simultaneous+degradation+of+ammonia+and+pollutants.xml	obj	G_ALW85_RS01040	infeasible	0.0
cbmpy	Canto-Encalada2022-FBA+of+simultaneous+degradation+of+ammonia+and+pollutants.xml	obj	G_ALW85_RS01045	infeasible	0.0
cbmpy	Canto-Encalada2022-FBA+of+simultaneous+degradation+of+ammonia+and+pollutants.xml	obj	G_ALW85_RS01050	infeasible	0.0
cbmpy	Canto-Encalada2022-FBA+of+simultaneous+degradation+of+ammonia+and+pollutants.xml	obj	G_ALW85_RS01055	infeasible	0.0
cbmpy	Canto-Encalada2022-FBA+of+simultaneous+degradation+of+ammonia+and+pollutants.xml	obj	G_ALW85_RS01060	infeasible	0.0
cbmpy	Canto-Encalada2022-FBA+of+simultaneous+degradation+of+ammonia+and+pollutants.xml	obj	G_ALW85_RS01065	infeasible	0.0
cbmpy	Canto-Encalada2022-FBA+of+simultaneous+degradation+of+ammonia+and+pollutants.xml	obj	G_ALW85_RS01070	infeasible	0.0
cbmpy	Canto-Encalada2022-FBA+of+simultaneous+degradation+of+ammonia+and+pollutants.xml	obj	G_ALW85_RS01075	infeasible	0.0
cbmpy	Canto-Encalada2022-FBA+of+simultaneous+degradation+of+ammonia+and+pollutants.xml	obj	G_ALW85_RS01080	optimal	0.0
cbmpy	Canto-Encalada2022-FBA+of+simultaneous+degradation+of+ammonia+and+pollutants.xml	obj	G_ALW85_RS01085	optimal	0.0
cbmpy	Canto-Encalada2022-FBA+of+simultaneous+degradation+of+ammonia+and+pollutants.xml	obj	G_ALW85_RS01100	optimal	0.091101
cbmpy	Canto-Encalada2022-FBA+of+simultaneous+degradation+of+ammonia+and+pollutants.xml	obj	G_ALW85_RS01105	optimal	0.091101
cbmpy	Canto-Encalada2022-FBA+of+simultaneous+degradation+of+ammonia+and+pollutants.xml	obj	G_ALW85_RS01110	optimal	0.091101
cbmpy	Canto-Encalada2022-FBA+of+simultaneous+degradation+of+ammonia+and+pollutants.xml	obj	G_ALW85_RS01155	optimal	0.0
cbmpy	Canto-Encalada2022-FBA+of+simultaneous+degradation+of+ammonia+and+pollutants.xml	obj	G_ALW85_RS01465	optimal	0.091101
cbmpy	Canto-Encalada2022-FBA+of+simultaneous+degradation+of+ammonia+and+pollutants.xml	obj	G_ALW85_RS01470	optimal	0.091101
cbmpy	Canto-Encalada2022-FBA+of+simultaneous+degradation+of+ammonia+and+pollutants.xml	obj	G_ALW85_RS01500	optimal	0.0
cbmpy	Canto-Encalada2022-FBA+of+simultaneous+degradation+of+ammonia+and+pollutants.xml	obj	G_ALW85_RS01575	optimal	0.091068
cbmpy	Canto-Encalada2022-FBA+of+simultaneous+degradation+of+ammonia+and+pollutants.xml	obj	G_ALW85_RS01710	optimal	0.0
cbmpy	Canto-Encalada2022-FBA+of+simultaneous+degradation+of+ammonia+and+pollutants.xml	obj	G_ALW85_RS01715	optimal	0.088737
cbmpy	Canto-Encalada2022-FBA+of+simultaneous+degradation+of+ammonia+and+pollutants.xml	obj	G_ALW85_RS01720	optimal	0.0
cbmpy	Canto-Encalada2022-FBA+of+simultaneous+degradation+of+ammonia+and+pollutants.xml	obj	G_ALW85_RS01725	optimal	0.0
cbmpy	Canto-Encalada2022-FBA+of+simultaneous+degradation+of+ammonia+and+pollutants.xml	obj	G_ALW85_RS01730	optimal	0.0
cbmpy	Canto-Encalada2022-FBA+of+simultaneous+degradation+of+ammonia+and+pollutants.xml	obj	G_ALW85_RS01760	optimal	0.0
cbmpy	Canto-Encalada2022-FBA+of+simultaneous+degradation+of+ammonia+and+pollutants.xml	obj	G_ALW85_RS01765	optimal	0.091101
cbmpy	Canto-Encalada2022-FBA+of+simultaneous+degradation+of+ammonia+and+pollutants.xml	obj	G_ALW85_RS01770	optimal	0.0
cbmpy	Canto-Encalada2022-FBA+of+simultaneous+degradation+of+ammonia+and+pollutants.xml	obj	G_ALW85_RS01775	optimal	0.091101
cbmpy	Canto-Encalada2022-FBA+of+simultaneous+degradation+of+ammonia+and+pollutants.xml	obj	G_ALW85_RS01780	optimal	0.0
cbmpy	Canto-Encalada2022-FBA+of+simultaneous+degradation+of+ammonia+and+pollutants.xml	obj	G_ALW85_RS01830	optimal	0.091101
cbmpy	Canto-Encalada2022-FBA+of+simultaneous+degradation+of+ammonia+and+pollutants.xml	obj	G_ALW85_RS01880	optimal	0.091101
cbmpy	Canto-Encalada2022-FBA+of+simultaneous+degradation+of+ammonia+and+pollutants.xml	obj	G_ALW85_RS01895	optimal	0.0
cbmpy	Canto-Encalada2022-FBA+of+simultaneous+degradation+of+ammonia+and+pollutants.xml	obj	G_ALW85_RS01900	optimal	0.091101
cbmpy	Canto-Encalada2022-FBA+of+simultaneous+degradation+of+ammonia+and+pollutants.xml	obj	G_ALW85_RS01905	optimal	0.091101
cbmpy	Canto-Encalada2022-FBA+of+simultaneous+degradation+of+ammonia+and+pollutants.xml	obj	G_ALW85_RS01910	optimal	0.0
cbmpy	Canto-Encalada2022-FBA+of+simultaneous+degradation+of+ammonia+and+pollutants.xml	obj	G_ALW85_RS01940	optimal	0.091101
cbmpy	Canto-Encalada2022-FBA+of+simultaneous+degradation+of+ammonia+and+pollutants.xml	obj	G_ALW85_RS01985	optimal	0.091101
cbmpy	Canto-Encalada2022-FBA+of+simultaneous+degradation+of+ammonia+and+pollutants.xml	obj	G_ALW85_RS02015	optimal	0.091101
cbmpy	Canto-Encalada2022-FBA+of+simultaneous+degradation+of+ammonia+and+pollutants.xml	obj	G_ALW85_RS02080	optimal	0.0
cbmpy	Canto-Encalada2022-FBA+of+simultaneous+degradation+of+ammonia+and+pollutants.xml	obj	G_ALW85_RS02100	optimal	0.091101
cbmpy	Canto-Encalada2022-FBA+of+simultaneous+degradation+of+ammonia+and+pollutants.xml	obj	G_ALW85_RS02105	optimal	0.091101
cbmpy	Canto-Encalada2022-FBA+of+simultaneous+degradation+of+ammonia+and+pollutants.xml	obj	G_ALW85_RS02315	optimal	0.091101
cbmpy	Canto-Encalada2022-FBA+of+simultaneous+degradation+of+ammonia+and+pollutants.xml	obj	G_ALW85_RS02320	optimal	0.091101
cbmpy	Canto-Encalada2022-FBA+of+simultaneous+degradation+of+ammonia+and+pollutants.xml	obj	G_ALW85_RS02330	optimal	0.091101
cbmpy	Canto-Encalada2022-FBA+of+simultaneous+degradation+of+ammonia+and+pollutants.xml	obj	G_ALW85_RS02345	optimal	0.091101
cbmpy	Canto-Encalada2022-FBA+of+simultaneous+degradation+of+ammonia+and+pollutants.xml	obj	G_ALW85_RS02350	optimal	0.091101
cbmpy	Canto-Encalada2022-FBA+of+simultaneous+degradation+of+ammonia+and+pollutants.xml	obj	G_ALW85_RS02365	optimal	0.0
cbmpy	Canto-Encalada2022-FBA+of+simultaneous+degradation+of+ammonia+and+pollutants.xml	obj	G_ALW85_RS02370	optimal	0.0
cbmpy	Canto-Encalada2022-FBA+of+simultaneous+degradation+of+ammonia+and+pollutants.xml	obj	G_ALW85_RS02480	optimal	0.091101
cbmpy	Canto-Encalada2022-FBA+of+simultaneous+degradation+of+ammonia+and+pollutants.xml	obj	G_ALW85_RS02565	optimal	0.091101
cbmpy	Canto-Encalada2022-FBA+of+simultaneous+degradation+of+ammonia+and+pollutants.xml	obj	G_ALW85_RS02645	optimal	0.091101
cbmpy	Canto-Encalada2022-FBA+of+simultaneous+degradation+of+ammonia+and+pollutants.xml	obj	G_ALW85_RS02665	optimal	0.0
cbmpy	Canto-Encalada2022-FBA+of+simultaneous+degradation+of+ammonia+and+pollutants.xml	obj	G_ALW85_RS02755	optimal	0.0
cbmpy	Canto-Encalada2022-FBA+of+simultaneous+degradation+of+ammonia+and+pollutants.xml	obj	G_ALW85_RS02795	optimal	0.0
cbmpy	Canto-Encalada2022-FBA+of+simultaneous+degradation+of+ammonia+and+pollutants.xml	obj	G_ALW85_RS02800	optimal	0.0
cbmpy	Canto-Encalada2022-FBA+of+simultaneous+degradation+of+ammonia+and+pollutants.xml	obj	G_ALW85_RS02805	optimal	0.091101
cbmpy	Canto-Encalada2022-FBA+of+simultaneous+degradation+of+ammonia+and+pollutants.xml	obj	G_ALW85_RS02810	optimal	0.0
cbmpy	Canto-Encalada2022-FBA+of+simultaneous+degradation+of+ammonia+and+pollutants.xml	obj	G_ALW85_RS02990	optimal	0.0
cbmpy	Canto-Encalada2022-FBA+of+simultaneous+degradation+of+ammonia+and+pollutants.xml	obj	G_ALW85_RS02995	optimal	0.0
cbmpy	Canto-Encalada2022-FBA+of+simultaneous+degradation+of+ammonia+and+pollutants.xml	obj	G_ALW85_RS03020	optimal	0.091101
cbmpy	Canto-Encalada2022-FBA+of+simultaneous+degradation+of+ammonia+and+pollutants.xml	obj	G_ALW85_RS03030	optimal	0.091101
cbmpy	Canto-Encalada2022-FBA+of+simultaneous+degradation+of+ammonia+and+pollutants.xml	obj	G_ALW85_RS03035	optimal	0.091101
cbmpy	Canto-Encalada2022-FBA+of+simultaneous+degradation+of+ammonia+and+pollutants.xml	obj	G_ALW85_RS03040	optimal	0.091101
cbmpy	Canto-Encalada2022-FBA+of+simultaneous+degradation+of+ammonia+and+pollutants.xml	obj	G_ALW85_RS03045	optimal	0.091101
cbmpy	Canto-Encalada2022-FBA+of+simultaneous+degradation+of+ammonia+and+pollutants.xml	obj	G_ALW85_RS03065	optimal	0.091101
cbmpy	Canto-Encalada2022-FBA+of+simultaneous+degradation+of+ammonia+and+pollutants.xml	obj	G_ALW85_RS03100	optimal	0.0
cbmpy	Canto-Encalada2022-FBA+of+simultaneous+degradation+of+ammonia+and+pollutants.xml	obj	G_ALW85_RS03105	optimal	0.0
cbmpy	Canto-Encalada2022-FBA+of+simultaneous+degradation+of+ammonia+and+pollutants.xml	obj	G_ALW85_RS03110	optimal	0.0
cbmpy	Canto-Encalada2022-FBA+of+simultaneous+degradation+of+ammonia+and+pollutants.xml	obj	G_ALW85_RS03125	optimal	0.091101
cbmpy	Canto-Encalada2022-FBA+of+simultaneous+degradation+of+ammonia+and+pollutants.xml	obj	G_ALW85_RS03145	optimal	0.0
cbmpy	Canto-Encalada2022-FBA+of+simultaneous+degradation+of+ammonia+and+pollutants.xml	obj	G_ALW85_RS03155	optimal	0.091101
cbmpy	Canto-Encalada2022-FBA+of+simultaneous+degradation+of+ammonia+and+pollutants.xml	obj	G_ALW85_RS03160	optimal	0.0
cbmpy	Canto-Encalada2022-FBA+of+simultaneous+degradation+of+ammonia+and+pollutants.xml	obj	G_ALW85_RS03185	optimal	0.091101
cbmpy	Canto-Encalada2022-FBA+of+simultaneous+degradation+of+ammonia+and+pollutants.xml	obj	G_ALW85_RS03190	optimal	0.091101
cbmpy	Canto-Encalada2022-FBA+of+simultaneous+degradation+of+ammonia+and+pollutants.xml	obj	G_ALW85_RS03200	optimal	0.091101
cbmpy	Canto-Encalada2022-FBA+of+simultaneous+degradation+of+ammonia+and+pollutants.xml	obj	G_ALW85_RS03205	optimal	0.091101
cbmpy	Canto-Encalada2022-FBA+of+simultaneous+degradation+of+ammonia+and+pollutants.xml	obj	G_ALW85_RS03210	optimal	0.091101
cbmpy	Canto-Encalada2022-FBA+of+simultaneous+degradation+of+ammonia+and+pollutants.xml	obj	G_ALW85_RS03215	optimal	0.091101
cbmpy	Canto-Encalada2022-FBA+of+simultaneous+degradation+of+ammonia+and+pollutants.xml	obj	G_ALW85_RS03220	optimal	0.091101
cbmpy	Canto-Encalada2022-FBA+of+simultaneous+degradation+of+ammonia+and+pollutants.xml	obj	G_ALW85_RS03225	optimal	0.0
cbmpy	Canto-Encalada2022-FBA+of+simultaneous+degradation+of+ammonia+and+pollutants.xml	obj	G_ALW85_RS03245	optimal	0.091101
cbmpy	Canto-Encalada2022-FBA+of+simultaneous+degradation+of+ammonia+and+pollutants.xml	obj	G_ALW85_RS03255	optimal	0.091101
cbmpy	Canto-Encalada2022-FBA+of+simultaneous+degradation+of+ammonia+and+pollutants.xml	obj	G_ALW85_RS03280	optimal	0.091101
cbmpy	Canto-Encalada2022-FBA+of+simultaneous+degradation+of+ammonia+and+pollutants.xml	obj	G_ALW85_RS03285	optimal	0.091101
cbmpy	Canto-Encalada2022-FBA+of+simultaneous+degradation+of+ammonia+and+pollutants.xml	obj	G_ALW85_RS03325	optimal	0.0
cbmpy	Canto-Encalada2022-FBA+of+simultaneous+degradation+of+ammonia+and+pollutants.xml	obj	G_ALW85_RS03360	optimal	0.0
cbmpy	Canto-Encalada2022-FBA+of+simultaneous+degradation+of+ammonia+and+pollutants.xml	obj	G_ALW85_RS03365	optimal	0.0
cbmpy	Canto-Encalada2022-FBA+of+simultaneous+degradation+of+ammonia+and+pollutants.xml	obj	G_ALW85_RS03370	optimal	0.0
cbmpy	Canto-Encalada2022-FBA+of+simultaneous+degradation+of+ammonia+and+pollutants.xml	obj	G_ALW85_RS03375	optimal	0.0
cbmpy	Canto-Encalada2022-FBA+of+simultaneous+degradation+of+ammonia+and+pollutants.xml	obj	G_ALW85_RS03380	optimal	0.0
cbmpy	Canto-Encalada2022-FBA+of+simultaneous+degradation+of+ammonia+and+pollutants.xml	obj	G_ALW85_RS03385	optimal	0.0
cbmpy	Canto-Encalada2022-FBA+of+simultaneous+degradation+of+ammonia+and+pollutants.xml	obj	G_ALW85_RS03390	optimal	0.0
cbmpy	Canto-Encalada2022-FBA+of+simultaneous+degradation+of+ammonia+and+pollutants.xml	obj	G_ALW85_RS03400	optimal	0.0
cbmpy	Canto-Encalada2022-FBA+of+simultaneous+degradation+of+ammonia+and+pollutants.xml	obj	G_ALW85_RS03410	optimal	0.0
cbmpy	Canto-Encalada2022-FBA+of+simultaneous+degradation+of+ammonia+and+pollutants.xml	obj	G_ALW85_RS03415	optimal	0.0
cbmpy	Canto-Encalada2022-FBA+of+simultaneous+degradation+of+ammonia+and+pollutants.xml	obj	G_ALW85_RS03420	optimal	0.0
cbmpy	Canto-Encalada2022-FBA+of+simultaneous+degradation+of+ammonia+and+pollutants.xml	obj	G_ALW85_RS03435	optimal	0.091101
cbmpy	Canto-Encalada2022-FBA+of+simultaneous+degradation+of+ammonia+and+pollutants.xml	obj	G_ALW85_RS03450	optimal	0.0
cbmpy	Canto-Encalada2022-FBA+of+simultaneous+degradation+of+ammonia+and+pollutants.xml	obj	G_ALW85_RS03455	optimal	0.0
cbmpy	Canto-Encalada2022-FBA+of+simultaneous+degradation+of+ammonia+and+pollutants.xml	obj	G_ALW85_RS03460	optimal	0.0
cbmpy	Canto-Encalada2022-FBA+of+simultaneous+degradation+of+ammonia+and+pollutants.xml	obj	G_ALW85_RS03520	optimal	0.0
cbmpy	Canto-Encalada2022-FBA+of+simultaneous+degradation+of+ammonia+and+pollutants.xml	obj	G_ALW85_RS03525	optimal	0.0
cbmpy	Canto-Encalada2022-FBA+of+simultaneous+degradation+of+ammonia+and+pollutants.xml	obj	G_ALW85_RS03530	optimal	0.0
cbmpy	Canto-Encalada2022-FBA+of+simultaneous+degradation+of+ammonia+and+pollutants.xml	obj	G_ALW85_RS03535	optimal	0.091101
cbmpy	Canto-Encalada2022-FBA+of+simultaneous+degradation+of+ammonia+and+pollutants.xml	obj	G_ALW85_RS03540	optimal	0.091101
cbmpy	Canto-Encalada2022-FBA+of+simultaneous+degradation+of+ammonia+and+pollutants.xml	obj	G_ALW85_RS03545	optimal	0.091101
cbmpy	Canto-Encalada2022-FBA+of+simultaneous+degradation+of+ammonia+and+pollutants.xml	obj	G_ALW85_RS03550	optimal	0.091101
cbmpy	Canto-Encalada2022-FBA+of+simultaneous+degradation+of+ammonia+and+pollutants.xml	obj	G_ALW85_RS03555	optimal	0.091101
cbmpy	Canto-Encalada2022-FBA+of+simultaneous+degradation+of+ammonia+and+pollutants.xml	obj	G_ALW85_RS03560	infeasible	0.091101
cbmpy	Canto-Encalada2022-FBA+of+simultaneous+degradation+of+ammonia+and+pollutants.xml	obj	G_ALW85_RS03570	optimal	0.091101
cbmpy	Canto-Encalada2022-FBA+of+simultaneous+degradation+of+ammonia+and+pollutants.xml	obj	G_ALW85_RS03575	optimal	0.091101
cbmpy	Canto-Encalada2022-FBA+of+simultaneous+degradation+of+ammonia+and+pollutants.xml	obj	G_ALW85_RS03580	optimal	0.091101
cbmpy	Canto-Encalada2022-FBA+of+simultaneous+degradation+of+ammonia+and+pollutants.xml	obj	G_ALW85_RS03590	optimal	0.091101
cbmpy	Canto-Encalada2022-FBA+of+simultaneous+degradation+of+ammonia+and+pollutants.xml	obj	G_ALW85_RS03595	optimal	0.0
cbmpy	Canto-Encalada2022-FBA+of+simultaneous+degradation+of+ammonia+and+pollutants.xml	obj	G_ALW85_RS03600	optimal	0.0
cbmpy	Canto-Encalada2022-FBA+of+simultaneous+degradation+of+ammonia+and+pollutants.xml	obj	G_ALW85_RS03615	optimal	0.0
cbmpy	Canto-Encalada2022-FBA+of+simultaneous+degradation+of+ammonia+and+pollutants.xml	obj	G_ALW85_RS03620	optimal	0.0
cbmpy	Canto-Encalada2022-FBA+of+simultaneous+degradation+of+ammonia+and+pollutants.xml	obj	G_ALW85_RS03625	optimal	0.0
cbmpy	Canto-Encalada2022-FBA+of+simultaneous+degradation+of+ammonia+and+pollutants.xml	obj	G_ALW85_RS03630	optimal	0.0
cbmpy	Canto-Encalada2022-FBA+of+simultaneous+degradation+of+ammonia+and+pollutants.xml	obj	G_ALW85_RS03635	optimal	0.0
cbmpy	Canto-Encalada2022-FBA+of+simultaneous+degradation+of+ammonia+and+pollutants.xml	obj	G_ALW85_RS03650	optimal	0.0
cbmpy	Canto-Encalada2022-FBA+of+simultaneous+degradation+of+ammonia+and+pollutants.xml	obj	G_ALW85_RS03655	optimal	0.091091
cbmpy	Canto-Encalada2022-FBA+of+simultaneous+degradation+of+ammonia+and+pollutants.xml	obj	G_ALW85_RS03660	optimal	0.091025
cbmpy	Canto-Encalada2022-FBA+of+simultaneous+degradation+of+ammonia+and+pollutants.xml	obj	G_ALW85_RS03760	optimal	0.091101
cbmpy	Canto-Encalada2022-FBA+of+simultaneous+degradation+of+ammonia+and+pollutants.xml	obj	G_ALW85_RS03805	optimal	0.0
cbmpy	Canto-Encalada2022-FBA+of+simultaneous+degradation+of+ammonia+and+pollutants.xml	obj	G_ALW85_RS03835	optimal	0.091101
cbmpy	Canto-Encalada2022-FBA+of+simultaneous+degradation+of+ammonia+and+pollutants.xml	obj	G_ALW85_RS03840	optimal	0.091101
cbmpy	Canto-Encalada2022-FBA+of+simultaneous+degradation+of+ammonia+and+pollutants.xml	obj	G_ALW85_RS03985	optimal	0.091101
cbmpy	Canto-Encalada2022-FBA+of+simultaneous+degradation+of+ammonia+and+pollutants.xml	obj	G_ALW85_RS03990	optimal	0.091101
cbmpy	Canto-Encalada2022-FBA+of+simultaneous+degradation+of+ammonia+and+pollutants.xml	obj	G_ALW85_RS03995	optimal	0.091101
cbmpy	Canto-Encalada2022-FBA+of+simultaneous+degradation+of+ammonia+and+pollutants.xml	obj	G_ALW85_RS04030	optimal	0.091101
cbmpy	Canto-Encalada2022-FBA+of+simultaneous+degradation+of+ammonia+and+pollutants.xml	obj	G_ALW85_RS04035	optimal	0.090964
cbmpy	Canto-Encalada2022-FBA+of+simultaneous+degradation+of+ammonia+and+pollutants.xml	obj	G_ALW85_RS04040	optimal	0.091101
cbmpy	Canto-Encalada2022-FBA+of+simultaneous+degradation+of+ammonia+and+pollutants.xml	obj	G_ALW85_RS04065	optimal	0.091101
cbmpy	Canto-Encalada2022-FBA+of+simultaneous+degradation+of+ammonia+and+pollutants.xml	obj	G_ALW85_RS04080	optimal	0.091101
cbmpy	Canto-Encalada2022-FBA+of+simultaneous+degradation+of+ammonia+and+pollutants.xml	obj	G_ALW85_RS04105	optimal	0.0
cbmpy	Canto-Encalada2022-FBA+of+simultaneous+degradation+of+ammonia+and+pollutants.xml	obj	G_ALW85_RS04145	optimal	0.0
cbmpy	Canto-Encalada2022-FBA+of+simultaneous+degradation+of+ammonia+and+pollutants.xml	obj	G_ALW85_RS04180	optimal	0.0
cbmpy	Canto-Encalada2022-FBA+of+simultaneous+degradation+of+ammonia+and+pollutants.xml	obj	G_ALW85_RS04225	optimal	0.070051
cbmpy	Canto-Encalada2022-FBA+of+simultaneous+degradation+of+ammonia+and+pollutants.xml	obj	G_ALW85_RS04230	optimal	0.070051
cbmpy	Canto-Encalada2022-FBA+of+simultaneous+degradation+of+ammonia+and+pollutants.xml	obj	G_ALW85_RS04295	optimal	0.091101
cbmpy	Canto-Encalada2022-FBA+of+simultaneous+degradation+of+ammonia+and+pollutants.xml	obj	G_ALW85_RS04330	optimal	0.091101
cbmpy	Canto-Encalada2022-FBA+of+simultaneous+degradation+of+ammonia+and+pollutants.xml	obj	G_ALW85_RS04350	optimal	0.0
cbmpy	Canto-Encalada2022-FBA+of+simultaneous+degradation+of+ammonia+and+pollutants.xml	obj	G_ALW85_RS04355	optimal	0.091101
cbmpy	Canto-Encalada2022-FBA+of+simultaneous+degradation+of+ammonia+and+pollutants.xml	obj	G_ALW85_RS04460	optimal	0.0
cbmpy	Canto-Encalada2022-FBA+of+simultaneous+degradation+of+ammonia+and+pollutants.xml	obj	G_ALW85_RS04465	optimal	0.0
cbmpy	Canto-Encalada2022-FBA+of+simultaneous+degradation+of+ammonia+and+pollutants.xml	obj	G_ALW85_RS04475	optimal	0.0
cbmpy	Canto-Encalada2022-FBA+of+simultaneous+degradation+of+ammonia+and+pollutants.xml	obj	G_ALW85_RS04480	optimal	0.0
cbmpy	Canto-Encalada2022-FBA+of+simultaneous+degradation+of+ammonia+and+pollutants.xml	obj	G_ALW85_RS04485	optimal	0.0
cbmpy	Canto-Encalada2022-FBA+of+simultaneous+degradation+of+ammonia+and+pollutants.xml	obj	G_ALW85_RS04490	optimal	0.091101
cbmpy	Canto-Encalada2022-FBA+of+simultaneous+degradation+of+ammonia+and+pollutants.xml	obj	G_ALW85_RS04495	optimal	0.091101
cbmpy	Canto-Encalada2022-FBA+of+simultaneous+degradation+of+ammonia+and+pollutants.xml	obj	G_ALW85_RS04500	optimal	0.087479
cbmpy	Canto-Encalada2022-FBA+of+simultaneous+degradation+of+ammonia+and+pollutants.xml	obj	G_ALW85_RS04505	optimal	0.087479
cbmpy	Canto-Encalada2022-FBA+of+simultaneous+degradation+of+ammonia+and+pollutants.xml	obj	G_ALW85_RS04515	optimal	0.091101
cbmpy	Canto-Encalada2022-FBA+of+simultaneous+degradation+of+ammonia+and+pollutants.xml	obj	G_ALW85_RS04530	optimal	0.0
cbmpy	Canto-Encalada2022-FBA+of+simultaneous+degradation+of+ammonia+and+pollutants.xml	obj	G_ALW85_RS04540	optimal	0.0
cbmpy	Canto-Encalada2022-FBA+of+simultaneous+degradation+of+ammonia+and+pollutants.xml	obj	G_ALW85_RS04550	optimal	0.091101
cbmpy	Canto-Encalada2022-FBA+of+simultaneous+degradation+of+ammonia+and+pollutants.xml	obj	G_ALW85_RS04555	optimal	0.0
cbmpy	Canto-Encalada2022-FBA+of+simultaneous+degradation+of+ammonia+and+pollutants.xml	obj	G_ALW85_RS04560	optimal	0.0
cbmpy	Canto-Encalada2022-FBA+of+simultaneous+degradation+of+ammonia+and+pollutants.xml	obj	G_ALW85_RS04580	optimal	0.0
cbmpy	Canto-Encalada2022-FBA+of+simultaneous+degradation+of+ammonia+and+pollutants.xml	obj	G_ALW85_RS04585	optimal	0.0
cbmpy	Canto-Encalada2022-FBA+of+simultaneous+degradation+of+ammonia+and+pollutants.xml	obj	G_ALW85_RS04615	optimal	0.0
cbmpy	Canto-Encalada2022-FBA+of+simultaneous+degradation+of+ammonia+and+pollutants.xml	obj	G_ALW85_RS04705	optimal	0.091101
cbmpy	Canto-Encalada2022-FBA+of+simultaneous+degradation+of+ammonia+and+pollutants.xml	obj	G_ALW85_RS04745	optimal	0.091101
cbmpy	Canto-Encalada2022-FBA+of+simultaneous+degradation+of+ammonia+and+pollutants.xml	obj	G_ALW85_RS04750	optimal	0.091101
cbmpy	Canto-Encalada2022-FBA+of+simultaneous+degradation+of+ammonia+and+pollutants.xml	obj	G_ALW85_RS04840	optimal	0.091101
cbmpy	Canto-Encalada2022-FBA+of+simultaneous+degradation+of+ammonia+and+pollutants.xml	obj	G_ALW85_RS04935	infeasible	0.091101
cbmpy	Canto-Encalada2022-FBA+of+simultaneous+degradation+of+ammonia+and+pollutants.xml	obj	G_ALW85_RS04940	infeasible	0.091101
cbmpy	Canto-Encalada2022-FBA+of+simultaneous+degradation+of+ammonia+and+pollutants.xml	obj	G_ALW85_RS04945	infeasible	0.091101
cbmpy	Canto-Encalada2022-FBA+of+simultaneous+degradation+of+ammonia+and+pollutants.xml	obj	G_ALW85_RS04970	optimal	0.091101
cbmpy	Canto-Encalada2022-FBA+of+simultaneous+degradation+of+ammonia+and+pollutants.xml	obj	G_ALW85_RS04985	optimal	0.091101
cbmpy	Canto-Encalada2022-FBA+of+simultaneous+degradation+of+ammonia+and+pollutants.xml	obj	G_ALW85_RS04990	optimal	0.091101
cbmpy	Canto-Encalada2022-FBA+of+simultaneous+degradation+of+ammonia+and+pollutants.xml	obj	G_ALW85_RS05010	optimal	0.091101
cbmpy	Canto-Encalada2022-FBA+of+simultaneous+degradation+of+ammonia+and+pollutants.xml	obj	G_ALW85_RS05030	infeasible	0.091101
cbmpy	Canto-Encalada2022-FBA+of+simultaneous+degradation+of+ammonia+and+pollutants.xml	obj	G_ALW85_RS05055	optimal	0.0
cbmpy	Canto-Encalada2022-FBA+of+simultaneous+degradation+of+ammonia+and+pollutants.xml	obj	G_ALW85_RS05095	optimal	0.091101
cbmpy	Canto-Encalada2022-FBA+of+simultaneous+degradation+of+ammonia+and+pollutants.xml	obj	G_ALW85_RS05140	optimal	0.091101
cbmpy	Canto-Encalada2022-FBA+of+simultaneous+degradation+of+ammonia+and+pollutants.xml	obj	G_ALW85_RS05145	optimal	0.0
cbmpy	Canto-Encalada2022-FBA+of+simultaneous+degradation+of+ammonia+and+pollutants.xml	obj	G_ALW85_RS05150	optimal	0.0
cbmpy	Canto-Encalada2022-FBA+of+simultaneous+degradation+of+ammonia+and+pollutants.xml	obj	G_ALW85_RS05155	optimal	0.0
cbmpy	Canto-Encalada2022-FBA+of+simultaneous+degradation+of+ammonia+and+pollutants.xml	obj	G_ALW85_RS05160	optimal	0.0
cbmpy	Canto-Encalada2022-FBA+of+simultaneous+degradation+of+ammonia+and+pollutants.xml	obj	G_ALW85_RS05170	optimal	0.0
cbmpy	Canto-Encalada2022-FBA+of+simultaneous+degradation+of+ammonia+and+pollutants.xml	obj	G_ALW85_RS05175	optimal	0.0
cbmpy	Canto-Encalada2022-FBA+of+simultaneous+degradation+of+ammonia+and+pollutants.xml	obj	G_ALW85_RS05180	optimal	0.0
cbmpy	Canto-Encalada2022-FBA+of+simultaneous+degradation+of+ammonia+and+pollutants.xml	obj	G_ALW85_RS05185	optimal	0.0
cbmpy	Canto-Encalada2022-FBA+of+simultaneous+degradation+of+ammonia+and+pollutants.xml	obj	G_ALW85_RS05210	optimal	0.091101
cbmpy	Canto-Encalada2022-FBA+of+simultaneous+degradation+of+ammonia+and+pollutants.xml	obj	G_ALW85_RS05215	optimal	0.091101
cbmpy	Canto-Encalada2022-FBA+of+simultaneous+degradation+of+ammonia+and+pollutants.xml	obj	G_ALW85_RS05220	optimal	0.091101
cbmpy	Canto-Encalada2022-FBA+of+simultaneous+degradation+of+ammonia+and+pollutants.xml	obj	G_ALW85_RS05225	optimal	0.0
cbmpy	Canto-Encalada2022-FBA+of+simultaneous+degradation+of+ammonia+and+pollutants.xml	obj	G_ALW85_RS05235	optimal	0.091101
cbmpy	Canto-Encalada2022-FBA+of+simultaneous+degradation+of+ammonia+and+pollutants.xml	obj	G_ALW85_RS05240	optimal	0.0
cbmpy	Canto-Encalada2022-FBA+of+simultaneous+degradation+of+ammonia+and+pollutants.xml	obj	G_ALW85_RS05260	optimal	0.091101
cbmpy	Canto-Encalada2022-FBA+of+simultaneous+degradation+of+ammonia+and+pollutants.xml	obj	G_ALW85_RS05280	optimal	0.091101
cbmpy	Canto-Encalada2022-FBA+of+simultaneous+degradation+of+ammonia+and+pollutants.xml	obj	G_ALW85_RS05295	optimal	0.091101
cbmpy	Canto-Encalada2022-FBA+of+simultaneous+degradation+of+ammonia+and+pollutants.xml	obj	G_ALW85_RS05300	optimal	0.091101
cbmpy	Canto-Encalada2022-FBA+of+simultaneous+degradation+of+ammonia+and+pollutants.xml	obj	G_ALW85_RS05315	optimal	0.091101
cbmpy	Canto-Encalada2022-FBA+of+simultaneous+degradation+of+ammonia+and+pollutants.xml	obj	G_ALW85_RS05325	optimal	0.0
cbmpy	Canto-Encalada2022-FBA+of+simultaneous+degradation+of+ammonia+and+pollutants.xml	obj	G_ALW85_RS05335	optimal	0.091101
cbmpy	Canto-Encalada2022-FBA+of+simultaneous+degradation+of+ammonia+and+pollutants.xml	obj	G_ALW85_RS05345	optimal	0.091101
cbmpy	Canto-Encalada2022-FBA+of+simultaneous+degradation+of+ammonia+and+pollutants.xml	obj	G_ALW85_RS05365	optimal	0.091101
cbmpy	Canto-Encalada2022-FBA+of+simultaneous+degradation+of+ammonia+and+pollutants.xml	obj	G_ALW85_RS05370	optimal	0.091101
cbmpy	Canto-Encalada2022-FBA+of+simultaneous+degradation+of+ammonia+and+pollutants.xml	obj	G_ALW85_RS05375	optimal	0.091101
cbmpy	Canto-Encalada2022-FBA+of+simultaneous+degradation+of+ammonia+and+pollutants.xml	obj	G_ALW85_RS05385	optimal	0.091101
cbmpy	Canto-Encalada2022-FBA+of+simultaneous+degradation+of+ammonia+and+pollutants.xml	obj	G_ALW85_RS05390	optimal	0.091101
cbmpy	Canto-Encalada2022-FBA+of+simultaneous+degradation+of+ammonia+and+pollutants.xml	obj	G_ALW85_RS05435	optimal	0.085917
cbmpy	Canto-Encalada2022-FBA+of+simultaneous+degradation+of+ammonia+and+pollutants.xml	obj	G_ALW85_RS05440	optimal	0.0
cbmpy	Canto-Encalada2022-FBA+of+simultaneous+degradation+of+ammonia+and+pollutants.xml	obj	G_ALW85_RS05445	optimal	0.091101
cbmpy	Canto-Encalada2022-FBA+of+simultaneous+degradation+of+ammonia+and+pollutants.xml	obj	G_ALW85_RS05450	optimal	0.091101
cbmpy	Canto-Encalada2022-FBA+of+simultaneous+degradation+of+ammonia+and+pollutants.xml	obj	G_ALW85_RS05455	optimal	0.091101
cbmpy	Canto-Encalada2022-FBA+of+simultaneous+degradation+of+ammonia+and+pollutants.xml	obj	G_ALW85_RS05495	optimal	0.091101
cbmpy	Canto-Encalada2022-FBA+of+simultaneous+degradation+of+ammonia+and+pollutants.xml	obj	G_ALW85_RS05510	optimal	0.091101
cbmpy	Canto-Encalada2022-FBA+of+simultaneous+degradation+of+ammonia+and+pollutants.xml	obj	G_ALW85_RS05620	optimal	0.091101
cbmpy	Canto-Encalada2022-FBA+of+simultaneous+degradation+of+ammonia+and+pollutants.xml	obj	G_ALW85_RS05775	optimal	0.091101
cbmpy	Canto-Encalada2022-FBA+of+simultaneous+degradation+of+ammonia+and+pollutants.xml	obj	G_ALW85_RS05780	optimal	0.091101
cbmpy	Canto-Encalada2022-FBA+of+simultaneous+degradation+of+ammonia+and+pollutants.xml	obj	G_ALW85_RS05790	optimal	0.091101
cbmpy	Canto-Encalada2022-FBA+of+simultaneous+degradation+of+ammonia+and+pollutants.xml	obj	G_ALW85_RS05800	optimal	0.091101
cbmpy	Canto-Encalada2022-FBA+of+simultaneous+degradation+of+ammonia+and+pollutants.xml	obj	G_ALW85_RS05840	optimal	0.091101
cbmpy	Canto-Encalada2022-FBA+of+simultaneous+degradation+of+ammonia+and+pollutants.xml	obj	G_ALW85_RS05850	optimal	0.0
cbmpy	Canto-Encalada2022-FBA+of+simultaneous+degradation+of+ammonia+and+pollutants.xml	obj	G_ALW85_RS05905	optimal	0.091101
cbmpy	Canto-Encalada2022-FBA+of+simultaneous+degradation+of+ammonia+and+pollutants.xml	obj	G_ALW85_RS05940	optimal	0.091101
cbmpy	Canto-Encalada2022-FBA+of+simultaneous+degradation+of+ammonia+and+pollutants.xml	obj	G_ALW85_RS05945	optimal	0.091101
cbmpy	Canto-Encalada2022-FBA+of+simultaneous+degradation+of+ammonia+and+pollutants.xml	obj	G_ALW85_RS05955	optimal	0.091101
cbmpy	Canto-Encalada2022-FBA+of+simultaneous+degradation+of+ammonia+and+pollutants.xml	obj	G_ALW85_RS05960	optimal	0.0
cbmpy	Canto-Encalada2022-FBA+of+simultaneous+degradation+of+ammonia+and+pollutants.xml	obj	G_ALW85_RS05975	optimal	0.091101
cbmpy	Canto-Encalada2022-FBA+of+simultaneous+degradation+of+ammonia+and+pollutants.xml	obj	G_ALW85_RS06025	optimal	0.0
cbmpy	Canto-Encalada2022-FBA+of+simultaneous+degradation+of+ammonia+and+pollutants.xml	obj	G_ALW85_RS06030	optimal	0.0
cbmpy	Canto-Encalada2022-FBA+of+simultaneous+degradation+of+ammonia+and+pollutants.xml	obj	G_ALW85_RS06040	optimal	0.0
cbmpy	Canto-Encalada2022-FBA+of+simultaneous+degradation+of+ammonia+and+pollutants.xml	obj	G_ALW85_RS06145	optimal	0.091101
cbmpy	Canto-Encalada2022-FBA+of+simultaneous+degradation+of+ammonia+and+pollutants.xml	obj	G_ALW85_RS06150	optimal	0.0
cbmpy	Canto-Encalada2022-FBA+of+simultaneous+degradation+of+ammonia+and+pollutants.xml	obj	G_ALW85_RS06155	optimal	0.091101
cbmpy	Canto-Encalada2022-FBA+of+simultaneous+degradation+of+ammonia+and+pollutants.xml	obj	G_ALW85_RS06160	optimal	0.091101
cbmpy	Canto-Encalada2022-FBA+of+simultaneous+degradation+of+ammonia+and+pollutants.xml	obj	G_ALW85_RS06210	optimal	0.091101
cbmpy	Canto-Encalada2022-FBA+of+simultaneous+degradation+of+ammonia+and+pollutants.xml	obj	G_ALW85_RS06260	optimal	0.091101
cbmpy	Canto-Encalada2022-FBA+of+simultaneous+degradation+of+ammonia+and+pollutants.xml	obj	G_ALW85_RS06265	optimal	0.091101
cbmpy	Canto-Encalada2022-FBA+of+simultaneous+degradation+of+ammonia+and+pollutants.xml	obj	G_ALW85_RS06320	optimal	0.091101
cbmpy	Canto-Encalada2022-FBA+of+simultaneous+degradation+of+ammonia+and+pollutants.xml	obj	G_ALW85_RS06370	optimal	0.0
cbmpy	Canto-Encalada2022-FBA+of+simultaneous+degradation+of+ammonia+and+pollutants.xml	obj	G_ALW85_RS06670	optimal	0.0
cbmpy	Canto-Encalada2022-FBA+of+simultaneous+degradation+of+ammonia+and+pollutants.xml	obj	G_ALW85_RS06675	optimal	0.0
cbmpy	Canto-Encalada2022-FBA+of+simultaneous+degradation+of+ammonia+and+pollutants.xml	obj	G_ALW85_RS06715	optimal	0.0
cbmpy	Canto-Encalada2022-FBA+of+simultaneous+degradation+of+ammonia+and+pollutants.xml	obj	G_ALW85_RS06740	optimal	0.091101
cbmpy	Canto-Encalada2022-FBA+of+simultaneous+degradation+of+ammonia+and+pollutants.xml	obj	G_ALW85_RS06855	optimal	0.0
cbmpy	Canto-Encalada2022-FBA+of+simultaneous+degradation+of+ammonia+and+pollutants.xml	obj	G_ALW85_RS06860	optimal	0.091101
cbmpy	Canto-Encalada2022-FBA+of+simultaneous+degradation+of+ammonia+and+pollutants.xml	obj	G_ALW85_RS06875	optimal	0.0
cbmpy	Canto-Encalada2022-FBA+of+simultaneous+degradation+of+ammonia+and+pollutants.xml	obj	G_ALW85_RS06880	optimal	0.0
cbmpy	Canto-Encalada2022-FBA+of+simultaneous+degradation+of+ammonia+and+pollutants.xml	obj	G_ALW85_RS06885	optimal	0.0
cbmpy	Canto-Encalada2022-FBA+of+simultaneous+degradation+of+ammonia+and+pollutants.xml	obj	G_ALW85_RS06890	optimal	0.0
cbmpy	Canto-Encalada2022-FBA+of+simultaneous+degradation+of+ammonia+and+pollutants.xml	obj	G_ALW85_RS06895	optimal	0.0
cbmpy	Canto-Encalada2022-FBA+of+simultaneous+degradation+of+ammonia+and+pollutants.xml	obj	G_ALW85_RS06900	optimal	0.0
cbmpy	Canto-Encalada2022-FBA+of+simultaneous+degradation+of+ammonia+and+pollutants.xml	obj	G_ALW85_RS07015	optimal	0.091101
cbmpy	Canto-Encalada2022-FBA+of+simultaneous+degradation+of+ammonia+and+pollutants.xml	obj	G_ALW85_RS07340	optimal	0.0
cbmpy	Canto-Encalada2022-FBA+of+simultaneous+degradation+of+ammonia+and+pollutants.xml	obj	G_ALW85_RS07390	infeasible	0.0
cbmpy	Canto-Encalada2022-FBA+of+simultaneous+degradation+of+ammonia+and+pollutants.xml	obj	G_ALW85_RS07395	optimal	0.0
cbmpy	Canto-Encalada2022-FBA+of+simultaneous+degradation+of+ammonia+and+pollutants.xml	obj	G_ALW85_RS07420	optimal	0.0
cbmpy	Canto-Encalada2022-FBA+of+simultaneous+degradation+of+ammonia+and+pollutants.xml	obj	G_ALW85_RS07450	optimal	0.091101
cbmpy	Canto-Encalada2022-FBA+of+simultaneous+degradation+of+ammonia+and+pollutants.xml	obj	G_ALW85_RS074509	optimal	0.0
cbmpy	Canto-Encalada2022-FBA+of+simultaneous+degradation+of+ammonia+and+pollutants.xml	obj	G_ALW85_RS07455	optimal	0.0
cbmpy	Canto-Encalada2022-FBA+of+simultaneous+degradation+of+ammonia+and+pollutants.xml	obj	G_ALW85_RS07460	optimal	0.0
cbmpy	Canto-Encalada2022-FBA+of+simultaneous+degradation+of+ammonia+and+pollutants.xml	obj	G_ALW85_RS07470	optimal	0.091101
cbmpy	Canto-Encalada2022-FBA+of+simultaneous+degradation+of+ammonia+and+pollutants.xml	obj	G_ALW85_RS07480	optimal	0.091101
cbmpy	Canto-Encalada2022-FBA+of+simultaneous+degradation+of+ammonia+and+pollutants.xml	obj	G_ALW85_RS07485	optimal	0.091101
cbmpy	Canto-Encalada2022-FBA+of+simultaneous+degradation+of+ammonia+and+pollutants.xml	obj	G_ALW85_RS07500	optimal	0.090932
cbmpy	Canto-Encalada2022-FBA+of+simultaneous+degradation+of+ammonia+and+pollutants.xml	obj	G_ALW85_RS07520	optimal	0.0
cbmpy	Canto-Encalada2022-FBA+of+simultaneous+degradation+of+ammonia+and+pollutants.xml	obj	G_ALW85_RS07525	optimal	0.0
cbmpy	Canto-Encalada2022-FBA+of+simultaneous+degradation+of+ammonia+and+pollutants.xml	obj	G_ALW85_RS07530	optimal	0.0
cbmpy	Canto-Encalada2022-FBA+of+simultaneous+degradation+of+ammonia+and+pollutants.xml	obj	G_ALW85_RS07550	optimal	0.0
cbmpy	Canto-Encalada2022-FBA+of+simultaneous+degradation+of+ammonia+and+pollutants.xml	obj	G_ALW85_RS07565	optimal	0.091101
cbmpy	Canto-Encalada2022-FBA+of+simultaneous+degradation+of+ammonia+and+pollutants.xml	obj	G_ALW85_RS07570	optimal	0.091101
cbmpy	Canto-Encalada2022-FBA+of+simultaneous+degradation+of+ammonia+and+pollutants.xml	obj	G_ALW85_RS07575	optimal	0.091101
cbmpy	Canto-Encalada2022-FBA+of+simultaneous+degradation+of+ammonia+and+pollutants.xml	obj	G_ALW85_RS07580	optimal	0.091101
cbmpy	Canto-Encalada2022-FBA+of+simultaneous+degradation+of+ammonia+and+pollutants.xml	obj	G_ALW85_RS07585	optimal	0.091101
cbmpy	Canto-Encalada2022-FBA+of+simultaneous+degradation+of+ammonia+and+pollutants.xml	obj	G_ALW85_RS07590	optimal	0.091101
cbmpy	Canto-Encalada2022-FBA+of+simultaneous+degradation+of+ammonia+and+pollutants.xml	obj	G_ALW85_RS07605	optimal	0.091101
cbmpy	Canto-Encalada2022-FBA+of+simultaneous+degradation+of+ammonia+and+pollutants.xml	obj	G_ALW85_RS07610	optimal	0.091101
cbmpy	Canto-Encalada2022-FBA+of+simultaneous+degradation+of+ammonia+and+pollutants.xml	obj	G_ALW85_RS07650	optimal	0.091101
cbmpy	Canto-Encalada2022-FBA+of+simultaneous+degradation+of+ammonia+and+pollutants.xml	obj	G_ALW85_RS07655	optimal	0.0
cbmpy	Canto-Encalada2022-FBA+of+simultaneous+degradation+of+ammonia+and+pollutants.xml	obj	G_ALW85_RS07695	optimal	0.0
cbmpy	Canto-Encalada2022-FBA+of+simultaneous+degradation+of+ammonia+and+pollutants.xml	obj	G_ALW85_RS07705	optimal	0.091101
cbmpy	Canto-Encalada2022-FBA+of+simultaneous+degradation+of+ammonia+and+pollutants.xml	obj	G_ALW85_RS07710	optimal	0.0
cbmpy	Canto-Encalada2022-FBA+of+simultaneous+degradation+of+ammonia+and+pollutants.xml	obj	G_ALW85_RS07720	optimal	0.091101
cbmpy	Canto-Encalada2022-FBA+of+simultaneous+degradation+of+ammonia+and+pollutants.xml	obj	G_ALW85_RS07730	optimal	0.0
cbmpy	Canto-Encalada2022-FBA+of+simultaneous+degradation+of+ammonia+and+pollutants.xml	obj	G_ALW85_RS07750	optimal	0.0
cbmpy	Canto-Encalada2022-FBA+of+simultaneous+degradation+of+ammonia+and+pollutants.xml	obj	G_ALW85_RS07765	optimal	0.0
cbmpy	Canto-Encalada2022-FBA+of+simultaneous+degradation+of+ammonia+and+pollutants.xml	obj	G_ALW85_RS07780	optimal	0.091101
cbmpy	Canto-Encalada2022-FBA+of+simultaneous+degradation+of+ammonia+and+pollutants.xml	obj	G_ALW85_RS07785	optimal	0.091101
cbmpy	Canto-Encalada2022-FBA+of+simultaneous+degradation+of+ammonia+and+pollutants.xml	obj	G_ALW85_RS07895	optimal	0.091101
cbmpy	Canto-Encalada2022-FBA+of+simultaneous+degradation+of+ammonia+and+pollutants.xml	obj	G_ALW85_RS07980	optimal	0.091101
cbmpy	Canto-Encalada2022-FBA+of+simultaneous+degradation+of+ammonia+and+pollutants.xml	obj	G_ALW85_RS08085	optimal	0.091101
cbmpy	Canto-Encalada2022-FBA+of+simultaneous+degradation+of+ammonia+and+pollutants.xml	obj	G_ALW85_RS08090	optimal	0.091101
cbmpy	Canto-Encalada2022-FBA+of+simultaneous+degradation+of+ammonia+and+pollutants.xml	obj	G_ALW85_RS08175	optimal	0.0
cbmpy	Canto-Encalada2022-FBA+of+simultaneous+degradation+of+ammonia+and+pollutants.xml	obj	G_ALW85_RS08180	optimal	0.0
cbmpy	Canto-Encalada2022-FBA+of+simultaneous+degradation+of+ammonia+and+pollutants.xml	obj	G_ALW85_RS08415	optimal	0.0
cbmpy	Canto-Encalada2022-FBA+of+simultaneous+degradation+of+ammonia+and+pollutants.xml	obj	G_ALW85_RS08435	optimal	0.091101
cbmpy	Canto-Encalada2022-FBA+of+simultaneous+degradation+of+ammonia+and+pollutants.xml	obj	G_ALW85_RS08475	optimal	0.0
cbmpy	Canto-Encalada2022-FBA+of+simultaneous+degradation+of+ammonia+and+pollutants.xml	obj	G_ALW85_RS08480	optimal	0.0
cbmpy	Canto-Encalada2022-FBA+of+simultaneous+degradation+of+ammonia+and+pollutants.xml	obj	G_ALW85_RS08495	optimal	0.0
cbmpy	Canto-Encalada2022-FBA+of+simultaneous+degradation+of+ammonia+and+pollutants.xml	obj	G_ALW85_RS08500	optimal	0.091101
cbmpy	Canto-Encalada2022-FBA+of+simultaneous+degradation+of+ammonia+and+pollutants.xml	obj	G_ALW85_RS08520	optimal	0.09092
cbmpy	Canto-Encalada2022-FBA+of+simultaneous+degradation+of+ammonia+and+pollutants.xml	obj	G_ALW85_RS08525	optimal	0.091101
cbmpy	Canto-Encalada2022-FBA+of+simultaneous+degradation+of+ammonia+and+pollutants.xml	obj	G_ALW85_RS08585	optimal	0.0
cbmpy	Canto-Encalada2022-FBA+of+simultaneous+degradation+of+ammonia+and+pollutants.xml	obj	G_ALW85_RS08590	optimal	0.091101
cbmpy	Canto-Encalada2022-FBA+of+simultaneous+degradation+of+ammonia+and+pollutants.xml	obj	G_ALW85_RS08595	optimal	0.0
cbmpy	Canto-Encalada2022-FBA+of+simultaneous+degradation+of+ammonia+and+pollutants.xml	obj	G_ALW85_RS08600	optimal	0.0
cbmpy	Canto-Encalada2022-FBA+of+simultaneous+degradation+of+ammonia+and+pollutants.xml	obj	G_ALW85_RS08610	optimal	0.0
cbmpy	Canto-Encalada2022-FBA+of+simultaneous+degradation+of+ammonia+and+pollutants.xml	obj	G_ALW85_RS08650	optimal	0.091101
cbmpy	Canto-Encalada2022-FBA+of+simultaneous+degradation+of+ammonia+and+pollutants.xml	obj	G_ALW85_RS08665	optimal	0.0
cbmpy	Canto-Encalada2022-FBA+of+simultaneous+degradation+of+ammonia+and+pollutants.xml	obj	G_ALW85_RS08670	optimal	0.0
cbmpy	Canto-Encalada2022-FBA+of+simultaneous+degradation+of+ammonia+and+pollutants.xml	obj	G_ALW85_RS08680	optimal	0.0
cbmpy	Canto-Encalada2022-FBA+of+simultaneous+degradation+of+ammonia+and+pollutants.xml	obj	G_ALW85_RS08685	optimal	0.0
cbmpy	Canto-Encalada2022-FBA+of+simultaneous+degradation+of+ammonia+and+pollutants.xml	obj	G_ALW85_RS08710	optimal	0.091101
cbmpy	Canto-Encalada2022-FBA+of+simultaneous+degradation+of+ammonia+and+pollutants.xml	obj	G_ALW85_RS08790	optimal	0.091101
cbmpy	Canto-Encalada2022-FBA+of+simultaneous+degradation+of+ammonia+and+pollutants.xml	obj	G_ALW85_RS08825	optimal	0.091101
cbmpy	Canto-Encalada2022-FBA+of+simultaneous+degradation+of+ammonia+and+pollutants.xml	obj	G_ALW85_RS08835	optimal	0.091101
cbmpy	Canto-Encalada2022-FBA+of+simultaneous+degradation+of+ammonia+and+pollutants.xml	obj	G_ALW85_RS08855	optimal	0.091101
cbmpy	Canto-Encalada2022-FBA+of+simultaneous+degradation+of+ammonia+and+pollutants.xml	obj	G_ALW85_RS08890	optimal	0.0
cbmpy	Canto-Encalada2022-FBA+of+simultaneous+degradation+of+ammonia+and+pollutants.xml	obj	G_ALW85_RS08910	optimal	0.0
cbmpy	Canto-Encalada2022-FBA+of+simultaneous+degradation+of+ammonia+and+pollutants.xml	obj	G_ALW85_RS08915	optimal	0.0
cbmpy	Canto-Encalada2022-FBA+of+simultaneous+degradation+of+ammonia+and+pollutants.xml	obj	G_ALW85_RS08920	optimal	0.0
cbmpy	Canto-Encalada2022-FBA+of+simultaneous+degradation+of+ammonia+and+pollutants.xml	obj	G_ALW85_RS08930	optimal	0.0
cbmpy	Canto-Encalada2022-FBA+of+simultaneous+degradation+of+ammonia+and+pollutants.xml	obj	G_ALW85_RS09005	optimal	0.0
cbmpy	Canto-Encalada2022-FBA+of+simultaneous+degradation+of+ammonia+and+pollutants.xml	obj	G_ALW85_RS09025	optimal	0.0
cbmpy	Canto-Encalada2022-FBA+of+simultaneous+degradation+of+ammonia+and+pollutants.xml	obj	G_ALW85_RS09035	optimal	0.091101
cbmpy	Canto-Encalada2022-FBA+of+simultaneous+degradation+of+ammonia+and+pollutants.xml	obj	G_ALW85_RS09040	optimal	0.091101
cbmpy	Canto-Encalada2022-FBA+of+simultaneous+degradation+of+ammonia+and+pollutants.xml	obj	G_ALW85_RS09070	optimal	0.0
cbmpy	Canto-Encalada2022-FBA+of+simultaneous+degradation+of+ammonia+and+pollutants.xml	obj	G_ALW85_RS09080	optimal	0.091101
cbmpy	Canto-Encalada2022-FBA+of+simultaneous+degradation+of+ammonia+and+pollutants.xml	obj	G_ALW85_RS09125	optimal	0.091101
cbmpy	Canto-Encalada2022-FBA+of+simultaneous+degradation+of+ammonia+and+pollutants.xml	obj	G_ALW85_RS09185	optimal	0.0
cbmpy	Canto-Encalada2022-FBA+of+simultaneous+degradation+of+ammonia+and+pollutants.xml	obj	G_ALW85_RS09190	optimal	0.0
cbmpy	Canto-Encalada2022-FBA+of+simultaneous+degradation+of+ammonia+and+pollutants.xml	obj	G_ALW85_RS09195	optimal	0.0
cbmpy	Canto-Encalada2022-FBA+of+simultaneous+degradation+of+ammonia+and+pollutants.xml	obj	G_ALW85_RS09200	optimal	0.0
cbmpy	Canto-Encalada2022-FBA+of+simultaneous+degradation+of+ammonia+and+pollutants.xml	obj	G_ALW85_RS09205	optimal	0.0
cbmpy	Canto-Encalada2022-FBA+of+simultaneous+degradation+of+ammonia+and+pollutants.xml	obj	G_ALW85_RS09210	optimal	0.0
cbmpy	Canto-Encalada2022-FBA+of+simultaneous+degradation+of+ammonia+and+pollutants.xml	obj	G_ALW85_RS09215	optimal	0.0
cbmpy	Canto-Encalada2022-FBA+of+simultaneous+degradation+of+ammonia+and+pollutants.xml	obj	G_ALW85_RS09220	optimal	0.091101
cbmpy	Canto-Encalada2022-FBA+of+simultaneous+degradation+of+ammonia+and+pollutants.xml	obj	G_ALW85_RS09225	optimal	0.0
cbmpy	Canto-Encalada2022-FBA+of+simultaneous+degradation+of+ammonia+and+pollutants.xml	obj	G_ALW85_RS09230	optimal	0.0
cbmpy	Canto-Encalada2022-FBA+of+simultaneous+degradation+of+ammonia+and+pollutants.xml	obj	G_ALW85_RS09235	optimal	0.091101
cbmpy	Canto-Encalada2022-FBA+of+simultaneous+degradation+of+ammonia+and+pollutants.xml	obj	G_ALW85_RS09240	optimal	0.0
cbmpy	Canto-Encalada2022-FBA+of+simultaneous+degradation+of+ammonia+and+pollutants.xml	obj	G_ALW85_RS09245	optimal	0.0
cbmpy	Canto-Encalada2022-FBA+of+simultaneous+degradation+of+ammonia+and+pollutants.xml	obj	G_ALW85_RS09250	optimal	0.0
cbmpy	Canto-Encalada2022-FBA+of+simultaneous+degradation+of+ammonia+and+pollutants.xml	obj	G_ALW85_RS09265	optimal	0.0
cbmpy	Canto-Encalada2022-FBA+of+simultaneous+degradation+of+ammonia+and+pollutants.xml	obj	G_ALW85_RS09275	optimal	0.091101
cbmpy	Canto-Encalada2022-FBA+of+simultaneous+degradation+of+ammonia+and+pollutants.xml	obj	G_ALW85_RS09295	optimal	0.091101
cbmpy	Canto-Encalada2022-FBA+of+simultaneous+degradation+of+ammonia+and+pollutants.xml	obj	G_ALW85_RS09355	optimal	0.0
cbmpy	Canto-Encalada2022-FBA+of+simultaneous+degradation+of+ammonia+and+pollutants.xml	obj	G_ALW85_RS09410	optimal	0.091101
cbmpy	Canto-Encalada2022-FBA+of+simultaneous+degradation+of+ammonia+and+pollutants.xml	obj	G_ALW85_RS09430	optimal	0.091101
cbmpy	Canto-Encalada2022-FBA+of+simultaneous+degradation+of+ammonia+and+pollutants.xml	obj	G_ALW85_RS09515	optimal	0.0
cbmpy	Canto-Encalada2022-FBA+of+simultaneous+degradation+of+ammonia+and+pollutants.xml	obj	G_ALW85_RS09560	optimal	0.091071
cbmpy	Canto-Encalada2022-FBA+of+simultaneous+degradation+of+ammonia+and+pollutants.xml	obj	G_ALW85_RS09565	optimal	0.091071
cbmpy	Canto-Encalada2022-FBA+of+simultaneous+degradation+of+ammonia+and+pollutants.xml	obj	G_ALW85_RS09575	optimal	0.0
cbmpy	Canto-Encalada2022-FBA+of+simultaneous+degradation+of+ammonia+and+pollutants.xml	obj	G_ALW85_RS09580	optimal	0.091101
cbmpy	Canto-Encalada2022-FBA+of+simultaneous+degradation+of+ammonia+and+pollutants.xml	obj	G_ALW85_RS09585	optimal	0.091101
cbmpy	Canto-Encalada2022-FBA+of+simultaneous+degradation+of+ammonia+and+pollutants.xml	obj	G_ALW85_RS09640	optimal	0.091101
cbmpy	Canto-Encalada2022-FBA+of+simultaneous+degradation+of+ammonia+and+pollutants.xml	obj	G_ALW85_RS09650	optimal	0.0
cbmpy	Canto-Encalada2022-FBA+of+simultaneous+degradation+of+ammonia+and+pollutants.xml	obj	G_ALW85_RS09660	optimal	0.0
cbmpy	Canto-Encalada2022-FBA+of+simultaneous+degradation+of+ammonia+and+pollutants.xml	obj	G_ALW85_RS09735	optimal	0.091101
cbmpy	Canto-Encalada2022-FBA+of+simultaneous+degradation+of+ammonia+and+pollutants.xml	obj	G_ALW85_RS09740	optimal	0.091101
cbmpy	Canto-Encalada2022-FBA+of+simultaneous+degradation+of+ammonia+and+pollutants.xml	obj	G_ALW85_RS09745	optimal	0.091101
cbmpy	Canto-Encalada2022-FBA+of+simultaneous+degradation+of+ammonia+and+pollutants.xml	obj	G_ALW85_RS09750	optimal	0.091101
cbmpy	Canto-Encalada2022-FBA+of+simultaneous+degradation+of+ammonia+and+pollutants.xml	obj	G_ALW85_RS09755	optimal	0.091101
cbmpy	Canto-Encalada2022-FBA+of+simultaneous+degradation+of+ammonia+and+pollutants.xml	obj	G_ALW85_RS09770	optimal	0.091101
cbmpy	Canto-Encalada2022-FBA+of+simultaneous+degradation+of+ammonia+and+pollutants.xml	obj	G_ALW85_RS09775	optimal	0.0
cbmpy	Canto-Encalada2022-FBA+of+simultaneous+degradation+of+ammonia+and+pollutants.xml	obj	G_ALW85_RS09820	optimal	0.091101
cbmpy	Canto-Encalada2022-FBA+of+simultaneous+degradation+of+ammonia+and+pollutants.xml	obj	G_ALW85_RS09850	optimal	0.0
cbmpy	Canto-Encalada2022-FBA+of+simultaneous+degradation+of+ammonia+and+pollutants.xml	obj	G_ALW85_RS09855	optimal	0.0
cbmpy	Canto-Encalada2022-FBA+of+simultaneous+degradation+of+ammonia+and+pollutants.xml	obj	G_ALW85_RS09865	optimal	0.091101
cbmpy	Canto-Encalada2022-FBA+of+simultaneous+degradation+of+ammonia+and+pollutants.xml	obj	G_ALW85_RS09870	optimal	0.091101
cbmpy	Canto-Encalada2022-FBA+of+simultaneous+degradation+of+ammonia+and+pollutants.xml	obj	G_ALW85_RS09885	optimal	0.091101
cbmpy	Canto-Encalada2022-FBA+of+simultaneous+degradation+of+ammonia+and+pollutants.xml	obj	G_ALW85_RS09900	optimal	0.091101
cbmpy	Canto-Encalada2022-FBA+of+simultaneous+degradation+of+ammonia+and+pollutants.xml	obj	G_ALW85_RS09905	optimal	0.091101
cbmpy	Canto-Encalada2022-FBA+of+simultaneous+degradation+of+ammonia+and+pollutants.xml	obj	G_ALW85_RS09910	optimal	0.091101
cbmpy	Canto-Encalada2022-FBA+of+simultaneous+degradation+of+ammonia+and+pollutants.xml	obj	G_ALW85_RS09915	optimal	0.091101
cbmpy	Canto-Encalada2022-FBA+of+simultaneous+degradation+of+ammonia+and+pollutants.xml	obj	G_ALW85_RS09920	optimal	0.091101
cbmpy	Canto-Encalada2022-FBA+of+simultaneous+degradation+of+ammonia+and+pollutants.xml	obj	G_ALW85_RS09925	optimal	0.091101
cbmpy	Canto-Encalada2022-FBA+of+simultaneous+degradation+of+ammonia+and+pollutants.xml	obj	G_ALW85_RS09950	optimal	0.091101
cbmpy	Canto-Encalada2022-FBA+of+simultaneous+degradation+of+ammonia+and+pollutants.xml	obj	G_ALW85_RS09960	optimal	0.0
cbmpy	Canto-Encalada2022-FBA+of+simultaneous+degradation+of+ammonia+and+pollutants.xml	obj	G_ALW85_RS09965	optimal	0.091101
cbmpy	Canto-Encalada2022-FBA+of+simultaneous+degradation+of+ammonia+and+pollutants.xml	obj	G_ALW85_RS09995	optimal	0.0
cbmpy	Canto-Encalada2022-FBA+of+simultaneous+degradation+of+ammonia+and+pollutants.xml	obj	G_ALW85_RS10000	optimal	0.0
cbmpy	Canto-Encalada2022-FBA+of+simultaneous+degradation+of+ammonia+and+pollutants.xml	obj	G_ALW85_RS10025	optimal	0.091101
cbmpy	Canto-Encalada2022-FBA+of+simultaneous+degradation+of+ammonia+and+pollutants.xml	obj	G_ALW85_RS10040	optimal	0.0
cbmpy	Canto-Encalada2022-FBA+of+simultaneous+degradation+of+ammonia+and+pollutants.xml	obj	G_ALW85_RS10045	optimal	0.091101
cbmpy	Canto-Encalada2022-FBA+of+simultaneous+degradation+of+ammonia+and+pollutants.xml	obj	G_ALW85_RS10065	optimal	0.0
cbmpy	Canto-Encalada2022-FBA+of+simultaneous+degradation+of+ammonia+and+pollutants.xml	obj	G_ALW85_RS10070	optimal	0.0
cbmpy	Canto-Encalada2022-FBA+of+simultaneous+degradation+of+ammonia+and+pollutants.xml	obj	G_ALW85_RS10150	optimal	0.0
cbmpy	Canto-Encalada2022-FBA+of+simultaneous+degradation+of+ammonia+and+pollutants.xml	obj	G_ALW85_RS10165	optimal	0.091101
cbmpy	Canto-Encalada2022-FBA+of+simultaneous+degradation+of+ammonia+and+pollutants.xml	obj	G_ALW85_RS10180	optimal	0.0
cbmpy	Canto-Encalada2022-FBA+of+simultaneous+degradation+of+ammonia+and+pollutants.xml	obj	G_ALW85_RS10190	optimal	0.0
cbmpy	Canto-Encalada2022-FBA+of+simultaneous+degradation+of+ammonia+and+pollutants.xml	obj	G_ALW85_RS10210	optimal	0.091101
cbmpy	Canto-Encalada2022-FBA+of+simultaneous+degradation+of+ammonia+and+pollutants.xml	obj	G_ALW85_RS10215	optimal	0.0
cbmpy	Canto-Encalada2022-FBA+of+simultaneous+degradation+of+ammonia+and+pollutants.xml	obj	G_ALW85_RS10255	optimal	0.091101
cbmpy	Canto-Encalada2022-FBA+of+simultaneous+degradation+of+ammonia+and+pollutants.xml	obj	G_ALW85_RS10310	optimal	0.0
cbmpy	Canto-Encalada2022-FBA+of+simultaneous+degradation+of+ammonia+and+pollutants.xml	obj	G_ALW85_RS10315	optimal	0.0
cbmpy	Canto-Encalada2022-FBA+of+simultaneous+degradation+of+ammonia+and+pollutants.xml	obj	G_ALW85_RS10320	optimal	0.091101
cbmpy	Canto-Encalada2022-FBA+of+simultaneous+degradation+of+ammonia+and+pollutants.xml	obj	G_ALW85_RS10395	optimal	0.091101
cbmpy	Canto-Encalada2022-FBA+of+simultaneous+degradation+of+ammonia+and+pollutants.xml	obj	G_ALW85_RS10410	optimal	0.0
cbmpy	Canto-Encalada2022-FBA+of+simultaneous+degradation+of+ammonia+and+pollutants.xml	obj	G_ALW85_RS10425	optimal	0.091101
cbmpy	Canto-Encalada2022-FBA+of+simultaneous+degradation+of+ammonia+and+pollutants.xml	obj	G_ALW85_RS10430	optimal	0.091101
cbmpy	Canto-Encalada2022-FBA+of+simultaneous+degradation+of+ammonia+and+pollutants.xml	obj	G_ALW85_RS10570	optimal	0.091101
cbmpy	Canto-Encalada2022-FBA+of+simultaneous+degradation+of+ammonia+and+pollutants.xml	obj	G_ALW85_RS10575	optimal	0.091101
cbmpy	Canto-Encalada2022-FBA+of+simultaneous+degradation+of+ammonia+and+pollutants.xml	obj	G_ALW85_RS10645	infeasible	0.091101
cbmpy	Canto-Encalada2022-FBA+of+simultaneous+degradation+of+ammonia+and+pollutants.xml	obj	G_ALW85_RS10745	infeasible	0.091101
cbmpy	Canto-Encalada2022-FBA+of+simultaneous+degradation+of+ammonia+and+pollutants.xml	obj	G_ALW85_RS10750	infeasible	0.091101
cbmpy	Canto-Encalada2022-FBA+of+simultaneous+degradation+of+ammonia+and+pollutants.xml	obj	G_ALW85_RS10755	infeasible	0.091101
cbmpy	Canto-Encalada2022-FBA+of+simultaneous+degradation+of+ammonia+and+pollutants.xml	obj	G_ALW85_RS10770	optimal	0.091101
cbmpy	Canto-Encalada2022-FBA+of+simultaneous+degradation+of+ammonia+and+pollutants.xml	obj	G_ALW85_RS11070	optimal	0.0
cbmpy	Canto-Encalada2022-FBA+of+simultaneous+degradation+of+ammonia+and+pollutants.xml	obj	G_ALW85_RS11100	optimal	0.0
cbmpy	Canto-Encalada2022-FBA+of+simultaneous+degradation+of+ammonia+and+pollutants.xml	obj	G_ALW85_RS11130	optimal	0.0
cbmpy	Canto-Encalada2022-FBA+of+simultaneous+degradation+of+ammonia+and+pollutants.xml	obj	G_ALW85_RS11140	optimal	0.091068
cbmpy	Canto-Encalada2022-FBA+of+simultaneous+degradation+of+ammonia+and+pollutants.xml	obj	G_ALW85_RS11150	optimal	0.091101
cbmpy	Canto-Encalada2022-FBA+of+simultaneous+degradation+of+ammonia+and+pollutants.xml	obj	G_ALW85_RS11180	optimal	0.091101
cbmpy	Canto-Encalada2022-FBA+of+simultaneous+degradation+of+ammonia+and+pollutants.xml	obj	G_ALW85_RS11215	optimal	0.0
cbmpy	Canto-Encalada2022-FBA+of+simultaneous+degradation+of+ammonia+and+pollutants.xml	obj	G_ALW85_RS11220	optimal	0.091101
cbmpy	Canto-Encalada2022-FBA+of+simultaneous+degradation+of+ammonia+and+pollutants.xml	obj	G_ALW85_RS11225	optimal	0.0
cbmpy	Canto-Encalada2022-FBA+of+simultaneous+degradation+of+ammonia+and+pollutants.xml	obj	G_ALW85_RS11230	optimal	0.091101
cbmpy	Canto-Encalada2022-FBA+of+simultaneous+degradation+of+ammonia+and+pollutants.xml	obj	G_ALW85_RS11260	optimal	0.091101
cbmpy	Canto-Encalada2022-FBA+of+simultaneous+degradation+of+ammonia+and+pollutants.xml	obj	G_ALW85_RS11265	optimal	0.0
cbmpy	Canto-Encalada2022-FBA+of+simultaneous+degradation+of+ammonia+and+pollutants.xml	obj	G_ALW85_RS11310	optimal	0.091101
cbmpy	Canto-Encalada2022-FBA+of+simultaneous+degradation+of+ammonia+and+pollutants.xml	obj	G_ALW85_RS11335	optimal	0.091101
cbmpy	Canto-Encalada2022-FBA+of+simultaneous+degradation+of+ammonia+and+pollutants.xml	obj	G_ALW85_RS11385	optimal	0.0
cbmpy	Canto-Encalada2022-FBA+of+simultaneous+degradation+of+ammonia+and+pollutants.xml	obj	G_ALW85_RS11390	optimal	0.091101
cbmpy	Canto-Encalada2022-FBA+of+simultaneous+degradation+of+ammonia+and+pollutants.xml	obj	G_ALW85_RS11400	optimal	0.091101
cbmpy	Canto-Encalada2022-FBA+of+simultaneous+degradation+of+ammonia+and+pollutants.xml	obj	G_ALW85_RS11405	optimal	0.091101
cbmpy	Canto-Encalada2022-FBA+of+simultaneous+degradation+of+ammonia+and+pollutants.xml	obj	G_ALW85_RS11410	optimal	0.0
cbmpy	Canto-Encalada2022-FBA+of+simultaneous+degradation+of+ammonia+and+pollutants.xml	obj	G_ALW85_RS11445	optimal	0.091101
cbmpy	Canto-Encalada2022-FBA+of+simultaneous+degradation+of+ammonia+and+pollutants.xml	obj	G_ALW85_RS11515	optimal	0.0
cbmpy	Canto-Encalada2022-FBA+of+simultaneous+degradation+of+ammonia+and+pollutants.xml	obj	G_ALW85_RS11555	optimal	0.091101
cbmpy	Canto-Encalada2022-FBA+of+simultaneous+degradation+of+ammonia+and+pollutants.xml	obj	G_ALW85_RS11565	optimal	0.0
cbmpy	Canto-Encalada2022-FBA+of+simultaneous+degradation+of+ammonia+and+pollutants.xml	obj	G_ALW85_RS11575	optimal	0.091101
cbmpy	Canto-Encalada2022-FBA+of+simultaneous+degradation+of+ammonia+and+pollutants.xml	obj	G_ALW85_RS11585	optimal	0.091101
cbmpy	Canto-Encalada2022-FBA+of+simultaneous+degradation+of+ammonia+and+pollutants.xml	obj	G_ALW85_RS11605	optimal	0.091101
cbmpy	Canto-Encalada2022-FBA+of+simultaneous+degradation+of+ammonia+and+pollutants.xml	obj	G_ALW85_RS11630	optimal	0.091101
cbmpy	Canto-Encalada2022-FBA+of+simultaneous+degradation+of+ammonia+and+pollutants.xml	obj	G_ALW85_RS11680	optimal	0.091101
cbmpy	Canto-Encalada2022-FBA+of+simultaneous+degradation+of+ammonia+and+pollutants.xml	obj	G_ALW85_RS11725	optimal	0.091101
cbmpy	Canto-Encalada2022-FBA+of+simultaneous+degradation+of+ammonia+and+pollutants.xml	obj	G_ALW85_RS11750	optimal	0.091101
cbmpy	Canto-Encalada2022-FBA+of+simultaneous+degradation+of+ammonia+and+pollutants.xml	obj	G_ALW85_RS11755	optimal	0.091101
cbmpy	Canto-Encalada2022-FBA+of+simultaneous+degradation+of+ammonia+and+pollutants.xml	obj	G_ALW85_RS11765	optimal	0.091101
cbmpy	Canto-Encalada2022-FBA+of+simultaneous+degradation+of+ammonia+and+pollutants.xml	obj	G_ALW85_RS11770	optimal	0.091101
cbmpy	Canto-Encalada2022-FBA+of+simultaneous+degradation+of+ammonia+and+pollutants.xml	obj	G_ALW85_RS11780	optimal	0.0
cbmpy	Canto-Encalada2022-FBA+of+simultaneous+degradation+of+ammonia+and+pollutants.xml	obj	G_ALW85_RS11820	optimal	0.091101
cbmpy	Canto-Encalada2022-FBA+of+simultaneous+degradation+of+ammonia+and+pollutants.xml	obj	G_ALW85_RS11825	optimal	0.091101
cbmpy	Canto-Encalada2022-FBA+of+simultaneous+degradation+of+ammonia+and+pollutants.xml	obj	G_ALW85_RS11830	optimal	0.091101
cbmpy	Canto-Encalada2022-FBA+of+simultaneous+degradation+of+ammonia+and+pollutants.xml	obj	G_ALW85_RS11935	optimal	0.088435
cbmpy	Canto-Encalada2022-FBA+of+simultaneous+degradation+of+ammonia+and+pollutants.xml	obj	G_ALW85_RS11980	optimal	0.091101
cbmpy	Canto-Encalada2022-FBA+of+simultaneous+degradation+of+ammonia+and+pollutants.xml	obj	G_ALW85_RS11985	optimal	0.091101
cbmpy	Canto-Encalada2022-FBA+of+simultaneous+degradation+of+ammonia+and+pollutants.xml	obj	G_ALW85_RS11990	optimal	0.091101
cbmpy	Canto-Encalada2022-FBA+of+simultaneous+degradation+of+ammonia+and+pollutants.xml	obj	G_ALW85_RS11995	optimal	0.091101
cbmpy	Canto-Encalada2022-FBA+of+simultaneous+degradation+of+ammonia+and+pollutants.xml	obj	G_ALW85_RS12000	optimal	0.091101
cbmpy	Canto-Encalada2022-FBA+of+simultaneous+degradation+of+ammonia+and+pollutants.xml	obj	G_ALW85_RS12015	optimal	0.091101
cbmpy	Canto-Encalada2022-FBA+of+simultaneous+degradation+of+ammonia+and+pollutants.xml	obj	G_ALW85_RS12085	optimal	0.0
cbmpy	Canto-Encalada2022-FBA+of+simultaneous+degradation+of+ammonia+and+pollutants.xml	obj	G_ALW85_RS12095	optimal	0.091101
cbmpy	Canto-Encalada2022-FBA+of+simultaneous+degradation+of+ammonia+and+pollutants.xml	obj	G_ALW85_RS12100	optimal	0.091101
cbmpy	Canto-Encalada2022-FBA+of+simultaneous+degradation+of+ammonia+and+pollutants.xml	obj	G_ALW85_RS12105	optimal	0.091101
cbmpy	Canto-Encalada2022-FBA+of+simultaneous+degradation+of+ammonia+and+pollutants.xml	obj	G_ALW85_RS12110	optimal	0.0
cbmpy	Canto-Encalada2022-FBA+of+simultaneous+degradation+of+ammonia+and+pollutants.xml	obj	G_ALW85_RS12195	infeasible	0.0
cbmpy	Canto-Encalada2022-FBA+of+simultaneous+degradation+of+ammonia+and+pollutants.xml	obj	G_ALW85_RS12210	optimal	0.091101
cbmpy	Canto-Encalada2022-FBA+of+simultaneous+degradation+of+ammonia+and+pollutants.xml	obj	G_ALW85_RS12250	optimal	0.091101
cbmpy	Canto-Encalada2022-FBA+of+simultaneous+degradation+of+ammonia+and+pollutants.xml	obj	G_ALW85_RS12270	optimal	0.0
cbmpy	Canto-Encalada2022-FBA+of+simultaneous+degradation+of+ammonia+and+pollutants.xml	obj	G_ALW85_RS12280	optimal	0.091101
cbmpy	Canto-Encalada2022-FBA+of+simultaneous+degradation+of+ammonia+and+pollutants.xml	obj	G_ALW85_RS12285	optimal	0.091101
cbmpy	Canto-Encalada2022-FBA+of+simultaneous+degradation+of+ammonia+and+pollutants.xml	obj	G_ALW85_RS12290	optimal	0.091101
cbmpy	Canto-Encalada2022-FBA+of+simultaneous+degradation+of+ammonia+and+pollutants.xml	obj	G_ALW85_RS12300	optimal	0.091101
cbmpy	Canto-Encalada2022-FBA+of+simultaneous+degradation+of+ammonia+and+pollutants.xml	obj	G_ALW85_RS12320	optimal	0.091101
cbmpy	Canto-Encalada2022-FBA+of+simultaneous+degradation+of+ammonia+and+pollutants.xml	obj	G_ALW85_RS12325	optimal	0.091101
cbmpy	Canto-Encalada2022-FBA+of+simultaneous+degradation+of+ammonia+and+pollutants.xml	obj	G_ALW85_RS12335	optimal	0.091101
cbmpy	Canto-Encalada2022-FBA+of+simultaneous+degradation+of+ammonia+and+pollutants.xml	obj	G_ALW85_RS12345	optimal	0.0
cbmpy	Canto-Encalada2022-FBA+of+simultaneous+degradation+of+ammonia+and+pollutants.xml	obj	G_ALW85_RS12350	optimal	0.0
cbmpy	Canto-Encalada2022-FBA+of+simultaneous+degradation+of+ammonia+and+pollutants.xml	obj	G_ALW85_RS12355	optimal	0.0
cbmpy	Canto-Encalada2022-FBA+of+simultaneous+degradation+of+ammonia+and+pollutants.xml	obj	G_ALW85_RS12360	optimal	0.091101
cbmpy	Canto-Encalada2022-FBA+of+simultaneous+degradation+of+ammonia+and+pollutants.xml	obj	G_ALW85_RS12370	optimal	0.0
cbmpy	Canto-Encalada2022-FBA+of+simultaneous+degradation+of+ammonia+and+pollutants.xml	obj	G_ALW85_RS12375	optimal	0.091101
cbmpy	Canto-Encalada2022-FBA+of+simultaneous+degradation+of+ammonia+and+pollutants.xml	obj	G_ALW85_RS12380	optimal	0.091101
cbmpy	Canto-Encalada2022-FBA+of+simultaneous+degradation+of+ammonia+and+pollutants.xml	obj	G_ALW85_RS12400	optimal	0.091101
cbmpy	Canto-Encalada2022-FBA+of+simultaneous+degradation+of+ammonia+and+pollutants.xml	obj	G_ALW85_RS12450	optimal	0.091101
cbmpy	Canto-Encalada2022-FBA+of+simultaneous+degradation+of+ammonia+and+pollutants.xml	obj	G_ALW85_RS12505	optimal	0.091101
cbmpy	Canto-Encalada2022-FBA+of+simultaneous+degradation+of+ammonia+and+pollutants.xml	obj	G_ALW85_RS12520	optimal	0.0
cbmpy	Canto-Encalada2022-FBA+of+simultaneous+degradation+of+ammonia+and+pollutants.xml	obj	G_ALW85_RS12620	optimal	0.0
cbmpy	Canto-Encalada2022-FBA+of+simultaneous+degradation+of+ammonia+and+pollutants.xml	obj	G_ALW85_RS12625	optimal	0.0
cbmpy	Canto-Encalada2022-FBA+of+simultaneous+degradation+of+ammonia+and+pollutants.xml	obj	G_ALW85_RS12630	optimal	0.091101
cbmpy	Canto-Encalada2022-FBA+of+simultaneous+degradation+of+ammonia+and+pollutants.xml	obj	G_ALW85_RS12795	optimal	0.091101
cbmpy	Canto-Encalada2022-FBA+of+simultaneous+degradation+of+ammonia+and+pollutants.xml	obj	G_ALW85_RS12820	optimal	0.0
cbmpy	Canto-Encalada2022-FBA+of+simultaneous+degradation+of+ammonia+and+pollutants.xml	obj	G_ALW85_RS12830	optimal	0.0
cbmpy	Canto-Encalada2022-FBA+of+simultaneous+degradation+of+ammonia+and+pollutants.xml	obj	G_ALW85_RS12845	optimal	0.0
cbmpy	Canto-Encalada2022-FBA+of+simultaneous+degradation+of+ammonia+and+pollutants.xml	obj	G_ALW85_RS12850	optimal	0.0
cbmpy	Canto-Encalada2022-FBA+of+simultaneous+degradation+of+ammonia+and+pollutants.xml	obj	G_ALW85_RS12860	optimal	0.091101
cbmpy	Canto-Encalada2022-FBA+of+simultaneous+degradation+of+ammonia+and+pollutants.xml	obj	G_ALW85_RS12885	optimal	0.091101
cbmpy	Canto-Encalada2022-FBA+of+simultaneous+degradation+of+ammonia+and+pollutants.xml	obj	G_ALW85_RS12930	optimal	0.091101
cbmpy	Canto-Encalada2022-FBA+of+simultaneous+degradation+of+ammonia+and+pollutants.xml	obj	G_ALW85_RS12935	optimal	0.091101
cbmpy	Canto-Encalada2022-FBA+of+simultaneous+degradation+of+ammonia+and+pollutants.xml	obj	G_ALW85_RS13285	optimal	0.091101
cbmpy	Canto-Encalada2022-FBA+of+simultaneous+degradation+of+ammonia+and+pollutants.xml	obj	G_ALW85_RS13290	optimal	0.091101
cbmpy	Canto-Encalada2022-FBA+of+simultaneous+degradation+of+ammonia+and+pollutants.xml	obj	G_ALW85_RS13325	optimal	0.0
cbmpy	Canto-Encalada2022-FBA+of+simultaneous+degradation+of+ammonia+and+pollutants.xml	obj	G_ALW85_RS13330	optimal	0.0
cbmpy	Canto-Encalada2022-FBA+of+simultaneous+degradation+of+ammonia+and+pollutants.xml	obj	G_ALW85_RS13335	optimal	0.0
cbmpy	Canto-Encalada2022-FBA+of+simultaneous+degradation+of+ammonia+and+pollutants.xml	obj	G_ALW85_RS13345	optimal	0.0
cbmpy	Canto-Encalada2022-FBA+of+simultaneous+degradation+of+ammonia+and+pollutants.xml	obj	G_ALW85_RS13350	optimal	0.0
cbmpy	Canto-Encalada2022-FBA+of+simultaneous+degradation+of+ammonia+and+pollutants.xml	obj	G_ALW85_RS13355	optimal	0.091101
cbmpy	Canto-Encalada2022-FBA+of+simultaneous+degradation+of+ammonia+and+pollutants.xml	obj	G_s0001	optimal	0.0
